news, label
"Малчдын хотонд төлийн дуу цангинаад эхэлжээ. ХХААЯ-наас ирүүлсэн мэдээгээр улсын хэмжээнд 555.8 мянган эх мал төллөж, 546.3 төл буюу 1369 ботго, 1821 унага, 12.2 мянган тугал, 245.7 мянган хурга, 285.3 мянган ишиг хүлээн аваад байна. Төлийн бойжилт 98.8 хувьтай байгаа гэнэ. Харин Ховд аймгийн төллөвөл зохих эх малын 22.5 хувь төллөн тэргүүлж байна.",байгал орчин
"Нийслэлийн аялал жуулчлалын зөвлөлийн анхдугаар хуралдаан боллоо. Хуралдааныг нийслэлийн Засаг дарга бөгөөд Улаанбаатар хотын Захирагч Э.Бат-Үүл даргалж тур оператор, зочид буудал, зоогийн газар, агаарын тээвэр, төмөр замын салбарын төлөөлөл болсон зөвлөлийн гишүүд оролцлоо. Хуралдаанаар “Найрсаг Улаанбаатар” хөтөлбөр, нийслэлийн аялал жуулчлалын өнөөгийн байдал, “Найрсаг Улаанбаатар” хөтөлбөрийг 2015 онд хэрэгжүүлэх ажлын төлөвлөгөө, хөтөлбөрийн хүрээнд нийслэл хотод 2015 онд зохион байгуулах аялал жуулчлал, соёл урлаг, спортын арга хэмжээний төлөвлөгөө, “Найрсаг Улаанбаатар” аяны талаар хэлэлцэв. Нийслэлийн Иргэдийн Төлөөлөгчдийн Хурлын 2014 оны 19/24 дүгээр тогтоолоор батлагдсан “Найрсаг Улаанбаатар” хөтөлбөрийг 2015 онд хэрэгжүүлэх үйл ажиллагааны төлөвлөгөөнд гишүүдийн саналыг тусган баталж, нийслэл хотод аялал жуулчлалыг хөгжүүлэх, хотын соёлыг дэлгэрүүлэх, төрийн болон нийтийн үйлчилгээнд эерэг харилцаа, хандлагыг төлөвшүүлэх зорилготой “Найрсаг Улаанбаатар"" аяныг хувийн хэвшил, хэвлэл мэдээлэл, иргэний нийгмийн байгууллагуудтай хамтран хэрэгжүүлэх нь зүйтэй гэсэн зөвлөмжийг гаргалаа. Хувийн хэвшлийн төлөөлөл давамгайлсан аялал жуулчлалын зөвлөл байгуулагдсан нь тус салбарын хувьд анхных бөгөөд шийдвэр гаргах түвшинд хувийн хэвшлийн оролцоог хангасан бодит алхам болж байна гэж нийслэлийн Аялал жуулчлалын газраас мэдээллээ.",байгал орчин
"Тэмээг сургаж, гэршүүлэн тэжээнэ гэдэг тийм ч ер бусын содон зүйл биш. Ази болон Африкын олон газарт хоёр болон нэг бөхтэй тэмээ амьдардгийн дотор тэмээ нь Монгол, Казакстан зэрэг орнуудын хөгжилд тодорхой байр суурийг эзэлж, эдийн засгийн хувьд чухал амьтдын нэгд тооцогддог. Гэтэл Дэлхийн хөгжилтэй орнуудын нэг Англи улсын жирийн нэгэн айл гэрт тэмээ тус өрхийн нэг гишүүнд тооцогдон амьдарч байна гэдэг тийм ч ердийн зүйл биш юм. Британий Fossett-ынхон хэмээх сонирхолтой гэр бүлийн зургийн цомгоор аялж, тус гэр бүлийн хүндэт гишүүн болсон тэмээтэй танилцацгаая. Энэхүү зураг дээр Rebecca болон Joseph Fossett нар 13 настай Daisy охин, 10 настай Leo хүү мөн Kazak нэртэй тэмээнийхээ хамт харагдаж байна. Йоркшир мужийн Айдликот сууринд амьдардаг Fossett-ын гэр бүлийнхэн Kazak-аас гадна Ruby, Sahara, Sophia, Veneta нарын тэмээнүүдтэй. Тэд тэмээнүүдээ гэрийнхээ хажууханд байх талбайд бэлчээрлүүлдэг байна. (Picture: Richard Grange / Barcroft India)   Тус гэр бүлийнхэн заримдаа суурингийн оршин суугчдын хувьд хэдийний танил болсон тэмээнүүдээ тээврийн хэрэгсэл болгон ашиглах нь ч бий. Fossett-ынхон тэмээгээ унан суурингийнхаа дэлгүүрээр хэсэж байгаа нь. Сургуульдаа явахдаа ч тэд тэмээгээ унах нь бий. Rebecca хэлэхдээ “Тэд бол бидний гэр бүлийн нэг хэсэг. Хүүхдүүд маань биднээс илүү тэмээгээ хайрлах юмаа гэж наргиан болгодог.” гэсэн байна. Тус гэр бүлийн таван жилийн турш тэжээж байгаа тэмээнүүдийн гурав нь хоёр бөхтэй, гурав нь нэг бөхтэй тэмээ юм. Циркчин гэр бүлд төрж өссөн Joseph-ын хувьд 2000 кг хүртэл жинтэй энэ амьтдыг маллах баялаг туршлагатай нэгэн юм. 52 настай Joseph хэлэхдээ “Намайг жаахан байхад надад тэмээ байдаг байсан учир би тэмээнд маш их хайртай болсон. Манайд олон нохой, муур, өмхий хүрэн байдаг байсан. Мэдээж хэрэг амьтан тэжээнэ гэдэг зардалгүй хэрэг биш. Гэхдээ би цайны төлөө амьтдаа худалдаагүй. Бид бол Нэгдсэн Вант улсад бүхэл бүтэн сүрэг мал тэжээдэг цорын ганц гэр бүл. Бид юуг ч өөрчлөхийг хүсэхгүй байгаа.” гэсэн байна. Rebecca-гийн хэлснээр хүмүүсийн дунд тэмээний нэр хүнд тийм ч сайн биш бөгөөд хүмүүс тэмээг муу ааштай, үргэлж тургиж нулимж байдаг, муухай үнэртэй амьтан гэж боддог. Гэвч энэ бол үнэн зүйл биш. Тэд хүмүүст хайртай, тэд цэцэрлэгийн хаалганы дэргэдүүр хэн нэгэн хүн өнгөрөх бүрт тийшээ очдог гэнэ. Энэ амьтдыг тэжээхэд жилд хэдэн мянган фунт зарцуулдаг. Жилдээ 400 хүртэл тооны боодол өвс идэж, хэдэн мянган галлон ус уудаг тэмээнүүддээ Fosset-ын гэр бүл чихрийн манжин, арвай, овьёос өгдөг байна. Тэмээнүүд нь гүзээлзгэнэ болон амттанд маш дуртай. Гэрийн эзэн Joseph “Тэд бол тийм ч хямдхан амьтад биш. Бид хэдий хэмжээний мөнгө зарцуулдаг болохоо тодорхойлж мэдэхгүй. Бид тэмээний асаргаа арчилгаа, малын хашааны засварт хэдийг зарцуулдагаа мэдэхгүй. Бид тэдэнд ямар их мөнгө зарцуулах хэрэгтэй болдгийг мэддэг учир танд энэ амьтныг тэжээгээрэй гэж хэлж чадахгүй.” хэмээн өгүүлжээ.   Сүүлийнхээ хоёр тэмээг худалдаж авсныхаа дараа Joseph Amazing Camels нэртэй өөрийн компанийг байгуулахаар шийдсэн тус гэр бүл тэмээнүүдээ янз бүрийн тэмцээн наадам, үйл явдлуудад хөлслүүлдэг байна. Rebecca хэлэхдээ “Хүмүүс тэмээг маань хөлслөх дуртай. Хүүхдүүд тэмээнүүдэд маань хайртай. Хүмүүс тэмээнүүдийг маань тэмээн поло, тэмээ унах тэр ч бүү хэл хуримын тээврийн хэрэгсэл болгохоор хөлсөлж авдаг.” гэжээ. Хэдхэн жилийн өмнөх энэхүү гэр бүлийн зурагт Fosset-ын гэр бзл залуу Kazak-ын хамт гал тогооныхоо өрөөнд байгаа нь харагдаж байна.",байгал орчин
"Олон улсын хөтөлбөрийн сургалттай төрийн өмчийн ерөнхий боловсролын “Шинэ эрин”, “Шинэ эхлэл”, “Монгол тэмүүлэл” сургуулиуд суралцагчдаа бүртгэж эхэлсэн байна.  Бүртгэлийг энэ сарын 9-24-ныг дуустал Боловсролын үнэлгээний төвийн байранд зохион байгуулах ажээ.  Тус сургуулиудад суралцахыг хүсэгч нь хэд хэдэн шаардлагыг хангасан байх ёстой. Тодруулбал, 2011-2012 оны хичээлийн жилд Ерөнхий боловсролын сургууль /Кембрижийн (CIE) болон Олон улсын бакалавриатийн (IB) хөтөлбөрөөр хичээллэж буй сургууль хамаарахгүй/-ийн V, VIII ангийг төгсөж, 2012-2013 оны хичээлийн жилд VII, IX ангид суралцах сурагч байх VII ангийн сонгон шалгаруулалтад оролцох сурагчдын хувьд ерөнхий боловсролын сургуулийн V ангид судалсан хичээлүүдийн жилийн эцсийн үнэлгээний дундаж хувь нь 90 буюу түүнээс дээш байх IX ангийн сонгон шалгаруулалтад оролцох сурагчдын хувьд ерөнхий боловсролын сургуулийн VIII ангид судалсан хичээлүүдийн жилийн эцсийн үнэлгээний дундаж хувь нь 80 буюу түүнээс дээш байх Сонгон шалгаруулалтад бүртгүүлэхдээ дор дурьдсан материалыг бүрдүүлэн, өөрийн биеэр очих хэрэгтэй.  Үүнд: Суралцахыг дэмжсэн эцэг, эх, асран хамгаалагчийн гаргасан хүсэлт Төрсний гэрчилгээний хуулбар /Бүртгүүлэхдээ эх хувийг авч ирнэ./ Сурагчийн хувийн хэрэг /Шалгалтын дараа буцааж олгоно./ Сурагчийн одоогийн сурч буйг болон үнэлгээний дунджийг баталгаажуулсан сургуулийн тодорхойлолт Бүртгэлийн хураамж VII ангид бүртгүүлэх хүүхэд 10,000 төгрөг,  IX ангид бүртгүүлэх хүүхэд 15,000 төгрөгний бүртгэлийн хураамж тус тус авч ирнэ. / БОЛОВСРОЛ, СОЁЛ, ШИНЖЛЭХ УХААНЫ ЯАМ БОЛОВСРОЛЫН ҮНЭЛГЭЭНИЙ ТӨВ",боловсрол
"БСШУЯ-наас Монгол Улсын иргэдийг хоёр улсын Засгийн газар хоорондын гэрээ, хэлэлцээрийн дагуу болон Сургалтын төрийн сангийн санхүүжилтээр гадаадын их, дээд сургууль, коллежид суралцуулах ажлыг зохион байгуулдаг. Харин энэ жилийн хувьд хэчнээн оюутныг гэрээ хэлэлцээрийн хүрээнд сургах талаар БСШУЯ-ны Мэргэжлийн боловсролын газрын мэргэжилтэн Ч.Шинэбаяраас тодрууллаа. -Хоёр улсын Засгийн газрын гэрээний дагуу оюутнуудыг гадаадын улс оронд сургах ажлыг зохион байгуулдаг. Энэ жилийн хувьд хэчнээн оюутныг сургах вэ? -Засгийн газар хоорондын гэрээ хэлэлцээрийн дагуу нийт 16 оронд магистрант, докторантад суралцуулдаг байгаа. 2012-2013 оны хичээлийн жилд 840 орчим хүн энэ гэрээ хэлэлцээрийн дагуу суралцана. Тэдгээрийн 600 орчим бакалаврын төвшнийх байх болно. Одоогоор манай улсаас хамгийн олон хүн суралцаж байгаа орноор ОХУ, БНХАУ орж байна. Эдгээр улсад тус бүр жилдээ 300 хүн суралцуулдаг. 2011-2012 оны тухайд ОХУ-д 300, БНХАУ-д 315 хүн суралцсан. Энэ жилийн хувьд ч гэсэн энэ тоонд өөрчлөлт орохгүй байх. -Суралцагчид ер нь ямар чиглэлээр түлхүү суралцаж байна вэ? -БСШУЯ-наас сонгон шалгаруулалтыг зохион байгуулж мэргэжлийн чиглэлээр өөрсдөө тогтоодог. Тэгэхээр бид аль болохоор инженер, технологи, байгалийн ухаан, нарийн технологийн мэргэжлээр суралцуулахаар зорьж байна. Өөрөөр хэлбэл, нийт суралцагчдын 70 орчим хувийг энэ чиглэлээр суралцуулж байна гэж ойлгож болно. Үүнээс гадна БНХАУ-ын Элчин сайдын яаманд хүсэлт гаргаж, манай улсад эрэлт хэрэгцээтэй байгаа мэргэжлийн чиглэлийг гаргаж өгдөг. Хятад, Чех улсад суралцах хүмүүсийн шалгалтыг Элчин сайдын яамд нь бие даан зохион байгуулж байгаа. Харин бусад оронд суралцах хүмүүсийн сонгон шалгаруулалтыг БСШУЯ, тухайн улсаас манай улсад суугаа Элчин сайдын яамтай хамтран зохион байгуулдаг. -Одоогоор хоёр улсын Засгийн газрын гэрээгээр хэчнээн хүн суралцаж байна вэ? -Энэ хичээлийн жилийн байдлаар 3400 гаруй оюутан Засгийн газар хоорондын гэрээний дагуу суралцаж байна. Өөрөөр хэлбэл, хоёр улсын Засгийн газар хоорондын гэрээ, хэлэлцээрийн дагуу 2011-2012 оны хичээлийн жилд ОХУ-д 275, БНХАУ-д 315 үүний 220 нь ӨМӨЗО-д, Туркт 90, Энэтхэгт 30, Польшид 22, Вьетнамд 18, Лаост найм, Чехэд зургаа, Унгар, Казахстанд тус бүр дөрөв, Румын, Украйнд тус бүр гурав, Болгар, Куба, БНАСАУ-д тус бүр хоёр хүн эдгээр орны Засгийн газрын тэтгэлгээр элсэн суралцаж байна. Мэдээж үүнээс гадна хувийн зардлаараа суралцаж байгаа оюутан байгаа. Эдгээр оюутны нэгдсэн мэдээлэл одоогоор алга байна. -Дээрх 16 оронд гэрээний дагуу суралцдаг юм байна. Эдгээр орны тоог нэмэх боломж бий юу? -Боломжтой улс орнуудтайгаа гэрээ хэлэлцээр хийж байгаа. Үүнээс гадна Засгийн газар хоорондын гэрээгээр суралцуулах үйл ажиллагаа нь олон талтай. Улс бүхэн гэрээ байгуулж, Засгийн газар хооронд гэрээгээр оюутан авч сургуульдаа сургадаг энэ систем үйлчилдэггүй. Нэг үгээр хэлбэл, манайхны суралцах сонирхолтой байдаг өндөр хөгжилтэй орнууд болох АНУ, Англи, Австрали гэх мэт орнууд Засгийн газар хоорондын гэрээ байгуулаад суралцагчдыг хүлээн авч, сургуульдаа хуваарилан суралцуулдаггүй. Тийм учраас бид энэ улсуудтай гэрээ байгуулаад оюутан суралцуулах боломж хомс. Харин эдгээр орнуудад 2010 оноос эхлэн хөтөлбөр хэрэгжүүлэх хэлбэрээр Герман, АНУ-тай 150 хүнийг тэтгэлгээр сургах хөтөлбөр хэрэгжиж байгаа. -Иргэдийн хувьд тэтгэлэгт хөтөлбөр болон гэрээний хүрээнд сурах хүсэлтэй байдаг ч мэдээлэл хомс байдгаас сонгон шалгаруулалтад оролцож чаддаггүй гэдэг шүү дээ? -БСШУЯ-ны www.mecs.gov.mn вэб хуудсаар дамжуулан дээрх 16 орны мэдээллийг байнга хүргэж байгаа. Эндээс бүхий л мэдээллийг авах боломжтой. Үүнээс гадна Засгийн газар хоорондын тэтгэлэг зарлах юм бол суралцаж байгаа сургуулиараа дамжуулан мэдээлэл авах боломжтой. Энэ тэтгэлэгт мэдээж хэрэг нэг, хоёрдугаар курсын оюутан хамрагдах эрхтэй байдаг. Харин хувь хүн өөрөө Засгийн газрын тэтгэлгээр суралцах хүсэлтэй байгаа бол манай вэб хуудсаар орж мэдээлэл авна. -Одоо сонгон шалгаруулалт болох уу. Аль улсад суралцах сонгон шалгаруулалт болох вэ? -Одоогоор ӨМӨЗО-ны Засгийн газрын тэтгэлэг зарлагдаад байна. Харин гуравдугаар сарын сүүлээр Зүүн Европын таван оронд тэтгэлгээр суралцах бүртгэл явагдаад сонгон шалгаруулалт болсон. Одоогоор дүн нь хараахан гараагүй. Тодруулбал, Польш улсад 20 бакалавр, Унгарт таван бакалавр, Болгарт доктор, магистр тус бүр нэг, Румынд нэг доктор, хоёр магистр, Хорватад хоёр магистр гээд гэрээ хэлэлцээрийн хүрээнд сургахаар болсон. Засгийн газрын гэрээгээр сурна гэдэг нь яадаг юм гэхээр цаад улсын Засгийн газар сургалтын төлбөрийг даана, амьжиргааны тэтгэлэг олгоно. Амьжиргааны тэтгэлэг олгохгүй бол манай улсын Засгийн газраас тэтгэлэг олгоно. Харин үүний оронд эдгээр улсын суралцагчдыг хүлээн авч тэтгэлгээр суралцуулдаг. Э.Пагмадулам ""МОНГОЛЫН МЭДЭЭ"" сонин",боловсрол
"Улсын хэмжээнд ганцхан байдаг харааны бэрхшээлтэй хүүхдийн 116 дугаар сургуулийн захирал С.Энхтуяа, хөгжмийн багш Б.Батболдтой хамтран сурагчдынхаа тоглолтын орлогыг хувьдаа завшсан гэх мэдээлэл нийтэд цацагдаад байгаа. Учир нь тус мэдээллийг хэвлэлийнхэнд 116 дугаар сургуульд нийгмийн ажилтан байсан н.Жанибек, нярав С.Хотхүү нар энэ сарын 2-нд өгсөн юм. Тэд хэлэхдээ “Тусгай 116 дугаар сургуулийн захирал, багш хамтран харааны бэрхшээлтэй хүүхдүүдийн тоглолтын орлогыг хувьдаа завшиж, хүүхдүүдийг мөлжиж” байна гэсэн билээ. Тэгвэл энэхүү мэдээллийг тус сургуулийн багш нар эрс няцааж,  өнөөдөр  хэвлэлийн бага хурал зохион байгууллаа. Мэдээллийн хуралд сургуулийн захирал С.Энхтуяа оролцоно гэсэн ч тэрбээр ирсэнгүй. 23 хүний бүрэлдэхүүнтэй баг БНСУ-ыг зорьсон бөгөөд нийт зардал 17 сая төгрөг болсон гэв. Шалтгааныг нь тодруулахад, хөгжмийн багш Б.Батболд “Захирал эмнэлэгт хэвтэхээр оочер захисан байсан. Өнөөдөр оочерных нь дараалал ирсэн тул эмнэлэгтээ хэвтсэн байгаа. Иймд хуралд оролцох боломжгүй боллоо” гэв. Ингээд сургуулийн 10 гаруй багш нар мэдээлэл хийж, хүүхдийн авъяасыг мөлжсөн хэрэгт яагаад унасанаа тайлбарласан юм. Тэдний хэлж буйгаар 2011 онд Монгол Улсын Ерөнхий сайдын шугамаар 116 дугаар сургуулийн сурагч, багш нарт БНСУ-д аялан тоглолт хийх боломж гарсан байна. Гэхдээ нэг талын зардлаа өөрсдөө гаргах нөхцөлтэй байжээ. Харин БНСУ-д очсоны дараах бүх зарлыг тус улсаас гаргасан аж. Ингээд сурагч, багш нийлсэн 23 хүний бүрэлдэхүүнтэй баг БНСУ-ыг зорьсон бөгөөд нийт зардал 17 сая төгрөг болсон байна. Энэхүү 1 7 сая төгрөгийг тухайн үед хүүхдүүдтэй хамт явсан долоон багш цалингийн зээл авч, бүрдүүлсэн гэлээ. Ингээд багш нарын цалингийн зээлийг төлөх үүднээс өнгөрсөн 2012, 2013 онд 116 дугаар сургуулийнхан 10 орчим удаагийн тоглолт зохион байгуулж, дээрх мөнгийг босгосон. Үүнийг н.Жанибек, С.Хотхүү нар буруу ойлгож, нийт багш ажилчдын нэр хүндэд бүдүүлгээр халдлаа хэмээн тус сургуулийн технологийн багш Ц.Дэлгэржаргал мэдэгдлээ. Харин математикийн багш Г.Бямбасүрэнгийн хэлж буйгаар н.Жанибек нь тус сургуульд зургаан сар ажилласан бөгөөд өөрийн хүсэлтээр ажлаас гарсан. Харин нярав С.Хотхүү нь ажил мэргэжлийн шаардлага хангаагүй, удаа дараа алдаа гаргасан тул ажлаас чөлөөлөгдсөн гэнэ. Иймд тэдний хийсэн мэдээлэл 116 дугаар сургуулийн багш нарыг төлөөлөх ямар ч боломжгүй гэж байв. 2008 ОНООС ХОЙШ 50-ИАД БАГШИЙГ ЯМАР Ч ШАЛТГААНГҮЙ ХАЛСАН Ийнхүү 116 дугаар сургуулийн багш нар мэдээлэл хийж байх үед тус сургуулийн нийгмийн ажилтан байсан гэх н.Жанибек орж ирсэнээр байдлыг нэлээд хурцатгаад авсан. Тэрбээр хэлэхдээ “Та бүхний явуулж байгаа хууль бус үйлдлийг би нийгмийн ажилтан хүнийхээ хувьд тэсээд сууж чадахгүй. Би үнэнийг л хэлсэн” гэсэн юм. Түүнээс зарим зүйлийг тодруулсан юм. -Таныг ямар нэгэн шахалт дарамтаар бус, өөрийн хүсэлтээр ажлаас гарсан гэж 116 дугаар сургуулийн багш нар мэдээлж байна. Энэ үнэн үү? -Үнэн. Гэхдээ намайг сургуулийн захирал С.Энхтуяа байнга дарамталж, ажлаасаа гар, яв зайл гэж хөөдөг байсан. -Та хууль бус үйлдэлтэй хэзээ ч нийлэхгүй гэлээ. Яг ямар хууль бус зүйл 116 дугаар сургуульд болоод байна? -Сургуулийн захирал 2008 оноос хойш 50 гаруй багшийг ажлаас нь ямар ч шалтгаангүй халсан. Энэ тухай мэдээлэл надад нэр устайгаа байгаа. Ер нь С.Энхтуяа захирал хүнтэй маш ёс зүйгүй харьцдаг. Ер нь энэ талаар та бүхэн надаас биш халагдсан тэр ахмад багш нараас асуувал илүү их зүйл хэлээд өгнө. Мөн энэ сургуулийн ҮЭХороо нийт ажилчдынхаа төлөө бус захиралынхаа талд ажилладаг нь өөрөө маш том хууль зөрчиж байгаа хэрэг гэсэн юм.",боловсрол
"2012 оны олимпийн тоглолт үзэх тасалбарыг нууцаар борлуулж байж болзошгүй гэсэн мэдээллийг албан ёсоор шалгаж эхэлжээ. Уг мэдээллийг “The Sunday Times” сонин анх мэдээлж байсан юм. Тэгвэл тус сонины мэдээлэл үнэний ортой байсан учраас олон улсын олимпийн хороо шалгалт хийж байгаа аж. Тус сонины ажилтнууд өөрсдийгөө Ойрхи Дорнодын бүс нутгийн хүмүүс болгон жүжиглэж, нэлээд орны үндэсний олимпийн хорооныхонтой холбоо тогтоожээ. Үүнийхээ хүчинд тэд дор хаяж 54 орны спортын байгууллагын ажилтнуудтай ярьж, хуурамч тасалбар олж авахаар тохиролцсон байна. Тэгэхдээ тасалбарын үнийг 10 дахин нэмэхээр ярилцсан аж. Энэ мэдээллээс өмнө Украины Үндэсний олимпийн хорооны ерөнхий нарийн бичгийн дарга Владимир Геращенко яг ийм хэрэгт холбогдож огцорсон билээ. Тэрээр 100 гаруй тасалбарыг нэлээд хэдэн мянган фунтээр зарах гэж байсныг ВВС-гийн сэтгүүлчид илчилсэн юм. Дашрамд сонирхуулахад, Олимпийг зохион байгуулагчид уг тоглолтод оролцогч орнуудын үндэсний олимпийн хороодоор дамжуулан нэг сая гаруй тасалбар борлуулж буй юм. “СПОРТЫН ШУУДАН” сонин",спорт
"Монголын спортын сэтгүүлчдийн холбоо /МССХ/-ны гишүүнчлэлтэй “Үзэгтэй тамирчид”-д хамгийн их хэрэгтэй “зэвсэг”-т тооцогдох AIPS карт гардуулах ёслол өнөөдөр боллоо. Монголын үндэсний олимпийн хорооны байранд болсон уг ёслолд 30 гаруй спортын сэтгүүлч оролцож, Олон улсын спортын сэтгүүлчдийн холбоо /AIPS/-ны карт гардсан юм. Олон улсын тэмцээн, уралдаан сурвалжлахад давуу тал болж, хөнгөлөлт эдлэх боломж олгодог AIPS картыг жил бүр олон улсын холбоондоо захиалан эзэмшдэг бөгөөд Олон улсын спортын сэтгүүлчдийн холбооны гишүүний карттай спортын сэтгүүлчид гадаадад болж буй тэмцээн, уралдаан сурвалжлахдаа онгоцны тасалбар, сурвалжлах эрх, зарим зочид буудлын төлбөр зэрэгт хөнгөлөлт эдлэх боломжтой байдаг юм. 2014 оны AIPS картын эхний хэсгийг 100 гаруй спортын сэтгүүлчдийг эгнээндээ нэгтгэсэн Монголын спортын сэтгүүлчдийн холбооны Хүндэт ерөнхийлөгч Ж.Отгонцагаан, Ерөнхийлөгч Ч.Отгонбаатар, МССХ-ны дэд ерөнхийлөгч Б.Цагаанбаатар, дэд ерөнхийлөгч П.Баярмагнай, Хяналтын зөвлөлийн дарга Л.Цагаандалай, Удирдах зөвлөлийн гишүүн Д.Батжаргал, Р.Манлай нарын тэргүүтэй 20-иод сэтгүүлч гардлаа. Монголын спортын сэтгүүлчдийн Олон улсын тэмцээн сурвалжлах эрхийн AIPS картыг захиалахад  “Оюутолгой” компаниас дэмжлэг үзүүлж, МССХ-той хамтран ажиллажээ.  МССХ-ны дэд ерөнхийлөгч П.Баярмагнай, УЗ-ийн гишүүн Б.Хосбаяр МССХ-ны дэд ерөнхийлөгч П.Баярмагнай, Ерөнхийлөгч Ч.Отгонбаатар, Хяналтын зөвлөлийн гишүүн О.Амарсайхан. МССХ-ны Ерөнхийлөгч Ч.Отгонбаатар, NTV телевизийн сэтгүүлч А.Түмэнбаяр МССХ-ны Ерөнхийлөгч Ч.Отгонбаатар, ""Зууны мэдээ"" сониын сэтгүүлч Д.Жавхлан МССХ-ны дэд ерөнхийлөгч П.Баярмагнай, МССХ-ны Ерөнхийлөгч Ч.Отгонбаатар, SPS телевизийн сэтгүүлч Э.Амарсайхан.",спорт
"Аялал жуулчлалын “Монголия экспедишнс” компани, Уулын хөтөчдийн холбооноос санаачлан ССАЖЯ-ны харьяа Спортын бэлтгэлийн төвтэй хамтран Хархираа, Түргэний уулсад авиралт хийхээр болжээ. Уулчдын адал явдалт авиралтын зуны цугларалт зургадугаар сарын 15-21-ний хооронд үргэлжилнэ. Мэргэжлийн уулчид болоод адал явдалт спорт сонирхогчдыг нэгтгэсэн авиралтын багийнхан Хархираа, Түргэний уулсын Хархираагийн оргил /далайн төвшнөөс дээш 4037 метр/, Түргэний уулсын ноён оргил Дэглий цагаан /3965 метр/ оргилд Олон нуурын хөндий талаас буюу өмнө нь авиралт хийгээгүй шинэ замаар авирах юм. Зохион байгуулагчид энэ удаагийн сонгосон замаар өмнө нь хоёр удаа судалгааны авиралт хийж байсан. Өмнөх жилүүдэд цаг агаарын нөхцөл байдлаас шалтгаалан оргилд хараахан хүрч чадаагүй ч судалгаагаа амжилттай хийж, авиралт хийх боломжтой зам гэж тодорхойлжээ. Хамгийн гол нь уулчид болон цаначид Дэглий цагааны оргилоос сноуборд болон цанаар буух аж. Оргилоос цанаар буух нь сүүлийн үед дэлхийн экстрем спортынхны дунд өргөн хөгжиж байгаа төрөл. Манайхны хувьд ч бас цөөн удаа уулын оргилоос цана, сноубордоор уруудах туршилтыг амжилттай хийж байсан билээ. Увс нуур, Ачит нуурын хооронд улсын хилээс нааш Ховд гол хүртэл үргэлжилдэг уулархаг нутгийг Хархираа, Түргэний уулс хэмээн нэрлэдэг. Алтайн нурууны салбар уулс Хархираа, Түргэний уулс нь олон сүрлэг сайхан оргилуудтай ихэр уулс юм. Хархираагийн уулсын ноён оргил нь Мөст уул 4037метр /далайн төвшнөөс дээш/, Түргэний уулсын ноён оргил нь Дэглий Цагаан уул 3965 метр /далайн төвшнөөс дээш/ юм. Хархираа Түргэний уулс нь Хархираагийн даваа гэсэн хөтлөөр хоорондоо тусгаарлагддаг байна. Хархираа, Түргэний уулсад мөнх цаст арав гаруй оргил, мөсөн голууд байдаг бөгөөд Монгол орны уулсын мөнх цас, мөсдлийн нийт талбайн 20 гаруй хувийг эзэлдэг ажээ. Олон нуурын хөндий гэж Хархираа, Түргэний уулсын дунд орших байгалийн үзэсгэлэн тэгширсэн, эргэн тойрон цаст уулсаар хүрээлэгдсэн тэгш тал газар бий. Уг хөндийд олон жижиг нууртай бөгөөд уулын хадархаг хэсгээр Монголд ховор вансэмбэрүү цэцэг ургадаг гэхчлэн өвөрмөц онцлогтой юм.  Хархираа түргэний уулсыг зорих авиралтад оролцох багууд зургадугаар сарын 15-нд Увс аймгийн Бөхмөрөн суманд цуглаж, авиралтаа эхлүүлэх юм байна. Дэлгэрэнгүй мэдээллийг  9909-6911 дугаарын утсанд холбогдож авна уу.    Авиралт хийх замын план зураг. С.ЦЭЛМЭГ",спорт
АНУ-ын цэргийн салбарт ашиглах шинэ хөдөлгүүртэй тусгай загварын мотоцикл бүтээжээ. Уг мотоцикл нь гибрид хөдөлгүүртэй гэдгээрээ онцлог ба бартаат замыг туулах зориулалттайгаар бүтээгдэж буй аж. Өөр дээрээ GPS болон бусад шинэ технологийн мэдээллийн самбартай байх ба энэ онд багтаан ашиглаж эхэлхээр болсон тухай Techi сайтад мэдээлжээ. Т.БИЛГҮҮН,технологи
"NPD судалгааны байгууллагаас сүүлийн үед дэлхийн зах зээлд хамгийн их эрэлттэй буюу худалдан авалт сайтай байгаа видео тоглоомуудыг зарласан байна. Гэсэн хэдий ч видео тоглоом сонирхогчдын хамгийн дуртай “Call of Dutу”, “Halo”  видео тоглоомуудын худалдан авалт энэ оны эхний үеийнхээс буурсан бөгөөд NPD-аас мэдээлснээр эдгээр видео тоглоомуудын худалдан авалт өнгөрсөн арваннэгдүгээр сарын байдлаар 11 хувиар буурсан үзүүлэлттэй гарсан аж. Худалдан авалт сайтай байгаа “Call of Dutу” 773 евро буюу нэг тэрбум ам.доллараар хамгийн борлуулалт сайтай видео тоглоомоор шалгарсан байна.  Худалдан авалт сайтай бусад видео тоглоомуудыг танилцуулъя. Call of Duty: Black Ops 2 Halo 4 Assassin""s Creed 3 Just Dance 4 Madden NFL 13 Skylander Giants Need for Speed: Most Wanted NBA 2K13 WWE 13 Fifa Soccer 13 тус тус шалгарчээ. Э.АНХТУЯА",технологи
"Японы тэргүүлэгч автомашин үйлдвэрлэгчид болох “Honda”, “Nissan”, “Toyota”, “Mazda” зэрэг томоохон корпорациуд автомашины аюулгүйн дэрний ажиллагаатай холбоотой шалтгаанаар дэлхийн хэмжээнд нийт 3.4 сая автомашинаа эргүүлэн татаж эхэлсэн тухай “СNN” мэдээлжээ. “Toyota” корпорацийн зүгээс “Corolla”, “Matrix”, “Camry” загварын 1.7 сая орчим автомашин, “Nissan” 480 мянга, “Mazda” 45 мянган автомашинаа эргүүлэн татаад байгаа юм байна. Харин “Honda” корпораци 1.1 сая гаруй автомашинаа дээрх шалтгааны улмаас эргүүлэн татаж эхэлжээ. Японы автомашин үйлдэрлэгчдийн мэлдээлснээр автомашины зорчигчийн суудлын урдах аюулгүйн дэр нь осол гарсан нөхцөл хэтэрхий өндөр даралттайгаар нээгдэж байгаагаас аюулгүйн дэр хагарах улмаар зорчигчийг гэмтээх аюул учруулж магадгүй байгаа гэнэ. “Toyota” корпорацийн мэдээлснээр тус корпорацийн үйлдвэрлэсэн таван автомашины аюулгүйн дэр эвдэрсэн тохиолдол гарсан боловч зорчигчид гэмтэж бэртээгүй байна. Түүнчлэн тус корпорацийн мэдээлснээр хэвийн ажиллагааны горимын алдаатай аюулгүйн дэрнүүдийг “Takata” корпорацид үйлдвэрлэсэн гэнэ. Дээрх мэдээлэлтэй холбоотойгоор “Takata” корпорацийн хувьцааны ханш огцом унаж эхэлжээ. Японы автомашин үйлдвэрлэгч корпорациудын аюулгүйн дэрний ажиллагааны доголдлоос шалтгаалан эргүүлэн татаад буй автомашинуудын ихэнхи нь 2001, 2002, 2003 онд үйлдвэрлэсэн загварууд аж. Б.АНХТУЯА",технологи
"Олон Улсын Хөдөлмөрийн Байгууллага нь хөдөлмөр, нийгмийн хамгааллын хүрээнд конвенц болон зөвлөмжийн хэлбэрээр олон улсын хэм хэмжээ тогтоох үндсэн чиг үүрэгтэй НҮБ-ын төрөлжсөн байгууллагуудын нэг юм.  Тус байгууллага 1919 онд байгуулагдсан бөгөөд өнөөг хүртэл Олон Улсын Хөдөлмөрийн Ерөнхий Бага хурлаараа нийт 188 конвенц, 199 зөвлөмжийг батлан гаргажээ. Монгол Улс 1968 оны 5 дугаар сарын 10-ны өдөр Олон Улсын Хөдөлмөрийн Байгууллагын Дүрмийг хүлээн зөвшөөрч, гишүүнээр элссэнээсээ хойш тус байгууллагаас батлан гаргасан 16 конвенцид нэгдэн оржээ. Олон Улсын Хөдөлмөрийн Байгууллага жил бүр нэгдсэн чуулган зохион байгуулдаг бөгөөд энэ үеэр хөдөлмөрийн салбарт үр дүнтэй ажиллаж байгаа гишүүн орны төрийн тэргүүн, ерөнхий сайд хүндэт зочноор уригдаж илтгэл тавьдаг байна. Ерөнхий сайд хөдөлмөр, нийгмийн салбарт авч хэрэгжүүлсэн арга хэмжээ, туршлагын талаар илтгэл тавихаас гадна Олон Улсын Хөдөлмөрийн Байгууллагын  Ерөнхий захирал Гэй Радар, НҮБ-ын Женев дэх төвийн Ерөнхий захирал Майкл Мөллер нартай уулзана.  “Ажилтай хөгжил дэвшил-хөдөлмөр эрхлэлт 2014” нэрийн дор зохион байгуулагдаж буй дээд хэмжээний чуулга уулзалтын хүндэт зочноор Олон Улсын Хөдөлмөрийн байгууллагын Ерөнхий захирал Гэй Радар Монгол Улсын Ерөнхий сайд Н.Алтанхуягийг албан ёсоор урьсан юм.   Монгол Улсын Засгийн газар хөдөлмөр нийгмийн салбарт “Ажилтай, орлоготой Монгол хүн”, Үндэсний мэргэжилтэй ажилтан бэлтгэх зэрэг  хөтөлбөрүүд хэрэгжүүлж, нийгмийн түншлэлийн гурван талт хамтын ажиллагааг шинэ шатанд гаргасныг тус байгууллага гишүүн орнууддаа мэдээлвэл зохих туршлага гэж үзсэн байна. Ерөнхий сайд Н.Алтанхуяг Олон Улсын Хөдөлмөрийн Байгууллагын дээд хэмжээний чуулганд оролцохоор Швейцарийн Холбооны Улсын Женев хотноо хүрэлцэн очлоо.  Энэ үеэр дээд хэмжээний чуулганд Шинэчлэлийн Засгийн газрын хөдөлмөр, нийгмийн салбарт авч хэрэгжүүлсэн арга хэмжээ, туршлагын талаар илтгэл тавихаас гадна Олон Улсын Хөдөлмөрийн Байгууллагын  Ерөнхий захирал Гэй Радар, НҮБ-ын Женев дэх төвийн Ерөнхий захирал Майкл Мөллер нартай уулзна.",улс төр
"УИХ-ын дэд дарга, МАН-ын дарга М.Энхболд, УИХ-ын гишүүн Б.Бат-Эрдэнэ, Н.Номтойбаяр нар Сүхбаатар аймаг, Баруун-Урт хотын иргэдтэй уулзалт хийж байна. Иргэдээс “Алдаагаа олж харвал цаашид хөгжин дэвшдэг. 27-р Их хурлаараа алдаа оноогоо нээлттэй хэлэлцсэнд намын гишүүд талархалтай байгаа” гэсэн юм. Мөн иргэдээс орон нутагт тулгамдаад буй асуудлаа хэлцгээсэн бөгөөд УИХ-ын дэд даргаас эмнэлгийн тоног төхөөрөмж болон эмч нарыг мэргэшүүлэх тал дээр анхаарч ажиллахыг хүссэн байна. Б.МАНД $(function () { $('span[data_tweetable]').tweetable({ dataAttr: 'data_tweetable', url:'http://politics.news.mn/content/163087.shtml', via: 'news_mn' }); }); Энэ мэдээ танд таалагдаж байвал LIKE хийгээрэй. Танд баярлалаа. Манай сайт танд таалагдаж байвал LIKE хийгээрэй. Танд баярлалаа.",улс төр
"Монгол Улсын Ерөнхийлөгч Цахиагийн Элбэгдоржийн урилгаар БНХАУ-ын дарга Си Зиньпин Монгол Улсад төрийн айлчлал хийхээр хүрэлцэн ирлээ. Тэрээр гэргий Пөн Ли-Юань болон дагалдан яваа хүмүүсийн хамт Бээжин-Улаанбаатар чиглэлийн тусгай үүргийн нислэгээр Чингис хаан нисэх онгоцны буудалд газардав. Тэднийг Монгол Улсын Ерөнхий сайд Н.Алтанхуяг, албаны бусад хүмүүс угтан авч, хүндэт харуул жагсан хүндэтгэл үзүүлэв. Өнөөдөр үдээс хойш Монгол Улсын Ерөнхийлөгч Цахиагийн Элбэгдорж, тэргүүн хатагтай Х.Болормаа нар Чингисийн талбайд БНХАУ-ын дарга Си Зиньпин, түүний гэргий Пөн Ли-Юань нарыг албан ёсоор угтан авна. Эх сурвалж: www.president.mn   $(function () { $('span[data_tweetable]').tweetable({ dataAttr: 'data_tweetable', url:'http://politics.news.mn/content/187395.shtml', via: 'news_mn' }); }); Энэ мэдээ танд таалагдаж байвал LIKE хийгээрэй. Танд баярлалаа. Манай сайт танд таалагдаж байвал LIKE хийгээрэй. Танд баярлалаа.",улс төр
"Их Британийн жүжигчин Бенедикт Камбербэтч найруулагч Жей Жей Абрамсын “Star Trek: Into Darkness” гэх шинэ кинонд террористийн дүрд тоглож байгаа юм байна. Энэ тухай тэрээр “Empire” сэтгүүлд өгсөн ярилцлагадаа дурьджээ. Кино сонирхогчдын дунд алдарт мөрдөгч Шерлок Холмсийн дүрээр илүү танигдсан тэрээр энэ удаад үүнээс тэс өөр дүр бүтээж буй аж. Бенедикт Камбербэтч “Star Trek: Into Darkness” киноны террористийн дүрийнхээ талаар “Би Жон Харрисон гэх терорристийн дүрийг бүтээж байгаа. Тэр бол асар их хүчтэйн дээр янз бүрийн зэвсэг,техник технологиудыг ашиглаж чаддаг маш аюултай хүн. Мөн тэрээр сэтгэлзүйн өндөр мэдлэгтэй учраас орчин тойрныхоо хүмүүст хурцаар нөлөөлж чаддаг” хэмээн ярьжээ. Түүний тоглосон энэхүү  “Star Trek: Into Darkness” кино ирэх 2013 оны тавдугаар сард үзэгчдийн хүртээл болох аж. Харин түүний тоглосон Шерлок Холмсийн хоёр дахь цуврал Их Британид ирэх оны нэгдүгээр сараас BBC телевизээр цацагдаж эхлэх юм байна. Б.АНХТУЯА",урлаг соёл
"Монголын жүжгийн урлагийн түүхнээ нэгэн шинэ хуудас нэмж, найруулагч, жүжигчдийн өндөр ур чадвар, увидас мэдрэмжээр бүтэж буй “Лаа” сэтгэхүйн эротик драм энэ сарын 22, 23-нд Нийслэлийн Улаанбаатар чуулгын тайзнаа тоглогдох гэж байна.   “Лаа” сэтгэхүйн эротик драмын зохиолч, найруулагчаар Ж.Уранцацрал ажиллаж байгаа бол гол дүрүүдэд М.Энхзаяа, Е.Даваасүрэн, Н.Мөнх-Эрдэнэ нар тоглох нь ээ. Жүжгийн тайзны зураачаар Г.Долгион, Г.Гантөмөр, Ц.Сүхбат нар ажиллаж байгаа аж.   Ийнхүү тун удахгүй тайзнаа амилах тус жүжгийн тасалбар худалдаанд гарсан бөгөөд тасалбарыг Улаанбаатар чуулгын билетийн кассаар борлуулж байгаа юм.   А.Зул",урлаг соёл
"Хүүхдүүд ”жүжиг үзэхээр ирлээ. Гэхдээ тэд Драмын театр биш, Хүүхэлдэйн театр ч биш, харин Үндэсний дуу бүжгийн эрдмийн чуулгыг зорьж ирсэн юм.Цэцэрлэгийн насныхан голдуу байна. Баянзүрх дүүргийн албан бус сургалтын “Гэгээрэл” төвийнхөн ч ирсэн байсан.Ерөнхийдөө 3-10 насныхан юм.Олонх нь албаныхаа шугамаар багш нартайгаа яваа бол зарим нь хувиараа ээж аавтайгаа иржээ.Чанга яригчид жүжгийн дуу явж байна. Танхим дүүрэн хүүхдийн шуугианыг  тайзны дор байраа эзэлсэн үндэсний найрал хөгжимд “Эрх цагаан унага” жүжгийн удиртгал хөгжим эгшиглүүлснээр намжаав. Шаагилдах чимээ аажим алсарч, хөгжимд туурайн төвөргөөн нүргэлэх чимээнд тайзнаа бор хул зүсмийн адуун сүрэг гарч ирж бүжиглэхүйд зүс ондоо цагаагч гүү унагалан, эгдүүтэй хөөрхөн эх шигээ адил зүсмийн цагаан унага хорвоод ирэв. Энэ мөчөөс хүүхдүүд чив чимээгүй болов. Унага дөрвөн хөл дээрээ тэнцэж ядан хэсэг бүжиглэж байснаа удалгүй эхийн  хайртай төл, ижил сүргийн чимэг болон дэрвэлзэх болов. Монгол ардын “Цуутын цагаагч гүү” хэмээх үлгэрт ямар үйл явдал гардаг билээ, яг л тэр дагуу жүжгийн үйл явдал үргэлжлэх бөгөөд дүрүүдийг хооронд нь хүншүүлэх аргаар харилцан яриулах, дуулуулах зэрэг ажлыг уг жүжгийн зохиолч, сэтгүүлч Г.Батаа гаргуун хийжээ.Эрх цагаан унага энхрий хөөрхнөөр ижийдээ, ижил олон сүрэгтээ эрхлэн тонгочно, тоглоно.Сүрэгт мөн өөр унаганууд бий.Нэг өдөр эрх цагаан тэдэнтэйгээ тоглож байгаад ижийнхээ захиж хэлснийг санан санан байсан ч, нөхдийнхөө саваагүй занг дийлж чадалгүй шувууны өндөг хагалчихдаг.Үүнд өш санасан шувуун сүрэг адуун сүрэг рүү улангасан дайрна.Морьд, сүргийн манлай азарга ч үхэдхийн унасан.Цуутын цагаагч гүү ч суманд оногдов.Гүү нутаг өөдөө тэмүүлэн алхана.Шархнь хүндэрнэ.Энхрий үрдээ захиас, гэрээслэлээ хэлэн хэлсээр үхэдхийн унана.Өөрийг нь шувуудын жад сэлэмнээс хамгаалан хамгаалсаар үхсэн ижийнхээ захиасыг хожуу ухаарч буй унага уйлан хайлан дуулж, бүжиглэхэд хүүхэд багачууд, томчууд ч хүртэл нүднийхээ нулимсыг барьж чадахгүй унагаж байсан юм. ҮДБЭЧ “Эрх цагаан унага” хэмээх хүүхдэд зориулсан энэ жүжгийг одоогоос жилийн өмнөөс  төлөвлөж сүүлийн зургаан сарын турш тасралтгүй ажилласаар энэ сарын 20-ны билэгт сайн өдрийн морин цагт нээсэн. Жүжгийн дүрүүдийн хөдөлгөөн, бүжиг, дуу, харилцан яриа, олуул бүжиг зэрэг бүхий л элементээр үзэгч хүүхдүүдийн анхаарлыг өчүүхэн төдий сарниулахгүйгээр цаг илүү үргэлжлэх энэ жүжиг сэдэв, шийдлийн хувьд тус чуулгын түүхэнд байгаагүй чухал бүтээл болсныг өнгөрсөн өдрүүдэд олон хүн хэлж байлаа. Нас насны хүүхдүүд жүжигчдийн хэлж байгааг нэгд нэгэнгүй сонсч, бүжигчдийн асуухад нь хариулж,  хэлээд өгөөч, хүүхдүүд ээ гэхэд нь нийтээрээ хашгиран хэлж өгөх зэрэг нь яг л үзэгч хүүхдүүд тухайн жүжгийн нэгээхэн хэсэг мэт санагдах. Ингэж үйл явдалд үзэгчдээ оролцуулан цуутын цагаагч гүү, эрх цагаан унага хоёрын жаргал, зовлонг, эх үрсийн хайр, тэдний хоорондох зүүний үзүүрч багтамгүй бат харилцаа мэтээр сэтгэл, оюунд хүртэл мэдрүүлж өгсөн жүжиг болсонд нь тус чуулгын түүхэнд байгаагүй бүтээл гэж хэлээд байгаа юм. Өндгөө хагалуулсан эх шувууны уйлаан хайлааныг хүүхдүүд яг л өөрийнх нь ээж уйлан дуулж буй мэтээр сэтгэл эмзэглүүлэн хүлээж авч байсан.Ямартаа л өндөг өш санасан шувуунууд адуунууд руу харван харвасаар эрх цагаан унаганы ээж гүүг оночиход танхимд суугаа хүүхдүүдээс нэг нь “Яаж байгаа юм, та нар” гэж үнэн сэтгэлээсээ хашгирах вэ.Шархадсан гүү эх нутагтаа дөнгөж ирмэгц нүд аньдаг.Түүний дараа эрх цагаан элдэв бэрхшээл туулж айж уйлж явсаар сая нэг юм төрсөн нутагтаа ирэн, цээж дүүрэн амьсгаа авч “Би төрсөн нутагтаа ирчихсэн байна шүү дээ.Манай нутаг чинь яасан сайхан юм бэ” хэмээн гараа алдлан хашгирахад хүүхдүүдийн нүд баяраар гэрэлтэж байлаа. Ингэж эх үрийн нандин холбоо, амьд байгаль, араатан жигүүртэн, байгаль дэлхийгээ хайрлах, эх нутгаа дээдлэх сэтгэл, өөрийн гэсэн эх орон, газар шороотой хүний цээж дүүрэн бахархлын тухай мэдрэмжийг утга зохиол, бүжиг, хөгжмийн урлагийн хэлээр ийм жаахан хүүхдүүдэд мэдрүүлж чадаж байгаад уран бүтээлч хамт олны мэргэжлийн ур чадвар оршиж байна хэмээн бодож суулаа. Энэхүү жүжгийн уран бүтээлчдийн заримтай уулзаж ярилцсанаа хүргэе. Холливүүдийн баатрууд дандаа генийн согогтой байдаг Удирдаач Р.Ганбат: -Аливаа театр үзэгчдэдээ удиртгал хөгжим сонсгож байгаад жүжгээ эхлүүлдэг шүү дээ.Түүнтэй адил бид ч гэсэн бяцхан үзэгчдээ хүлээж авах, жүжиг үзэхэд сэтгэл зүйг нь бэлтгэх, театрын орчинд автуулах үүднээс “Эрх цагаан унага”-аа удиртгал хөгжимтэй байлгая гэж шийдсэн.Хүүхдийг багаас нь театрт хөтлөх хөгжмөөр хүмүүжүүлэх гэсэн найруулагчийн санаа л даа.Манай чуулгын дуучин, соёлын тэргүүний ажилтан Х.Эрдэнэцэцэг гүүний дууг дуулсан.Харин унаганы дууг гавьяат жүжигчин Эрдэнэцэг дуулсан.Эхийгээ алдсан унага хэрхэн гуниглаж байгааг яг л гаргаж ирсэн.Хоолойн өнгө тохирч байгаагийн зэрэгцээ уйлж дуулснаар дүрийг их сайн, товойлгож өгч байна.Өмнө нь дуучид тайзан дээр гарч ирж дуулчихаад ёслоод ордог байсан бол энэ удаа жүжиглэсэн.Дүр бүтээсэн.Жижигхэн, богино дуу боловч тэрүүхэн хооронд их харуусал, уйтгар гуниг мэдрүүлдэг.Эрдэнэцэцэг гавьяат энэ дуугаа бүтээх гэж их хөдөлмөрлөсөн.Хөгжмийн зохиолч Бат-Эрдэнэ сайхан ая аялгуутай хөгжим бичсэн.Ийм жүжгийг нийгэм хүлээж байжээ.Монголчууд бид өөрсдийн гэсэн сургааль, ном зохиолыг мартаад, гаднын зохиолын баатруудыг сайн гэж үзэх болж.Рок поп хөгжим гэхэд техник, компьютероор зодсон хөгжмүүд байдаг.Холливүүдийн кино гэхэд нэг нүдтэй, эсвэл илүү хуруутай зэрэг генийн согогтой баатруудтай байх жишээтэй.Гэтэл бид өөрсдөө ямар мундаг үлгэр, сургааль, уламжлал, ахуйн соёлтой ард түмэн билээ.Энэ бүгдээсээ бид холдсон байж.Үүнийг манай найруулагч Ганболд соргогоор харж ийм жүжиг тавьсан нь цаг үеэ олжээ.Үзэгчдийнхээ оюун сэтгэлийн хэрэгцээг мэдэрсэн бүтээл боллоо.Хүүхдүүд хэрхэн үзэж байгаагаас харагдаж байна.Энэ нь ганц хүүхдийн биш, эцэг эх ч үзэх бүтээл. Хөгжим бичихэд галуу тусалсан Хөгжмийн зохиолч Р.Бат-Эрдэнэ: -Манай чуулга хэдэн жилийн өмнө “Ишиг гэдэг хөөрхөн нэр” жүжиг тавьсан.Түүнийг хүүхдүүд сайн хүлээж авч байгааг анзаарсан юм. Хүүхдэд зориулсан  бүтээлийн хэрэгцээ тодорхой болоод ирмэгц найруулагч маань дахин ийм бүтээл хийе гэж бодсон байх. Чуулгынхаа уран бүтээлийн төлөвлөгөөнд оруулж байгаад хийсэн.Би хөгжмийг нь бичих болсон.Урьд нь хүүхдэд зориулсан хөгжим дээр ажиллаж байсан, хүүхдийн дууны цомгууд ч гаргаж байсан болохоор намайг хүүхдийн бүтээлд арай ойр гэж бодсон болов уу, хөгжмийн зохиолчоор сонгосон байсан.“Эрх цагаан унага” дуулалт жүжгийн хөгжим амархан бүтсэн.Бага зэргийн туршлага байлаа, дээр нь зохиол нь их ойлгомжтой сайхан.Зохиолыг сэтгүүлч, зохиолч Т.Батаа бичсэн.Ишигний тухай жүжгийн зохиолыг ч бичсэн.Үг хэллэг эвтэйхэн, хүүхдийн сэтгэхүйд ойр, ойлгомжтой байсан болохоор уншихад л хэсэг хэсэг хөгжмүүдийн санаа орж ирээд байсан.Гэсэн ч би ганцаараа хөгжмийг төгс болгосон гэсэн үг биш.Манай  бүжигчин, бүжгийн багш Ш.Одонтуяагийн зөвлөгөө өмнө нь нэг бус удаа тус болж байлаа. Сая ч гэсэн.Өндгөө хагалуулсан шувуунуудын байж ядаж, бачимдан харуусч байгааг дүрсэлсэн хэсэгт Одноогийн санаа, биеэрээ бүжиглэж үзүүлсэн хөдөлгөөнөөс хөгжмөө босгосон.Намайг хөгжмөө хүлээлгэж өгсний дараа Одноо тэр хэсгийн хөгжим нэг л зөөлдөөд байна гээд байсан юм.Өөрчилмөөр байна гээд байдаг.Би бодоод яваад байсан ч яах шийдлээ гаргаагүй байлаа л даа.Тэгсэн нэг өдөр надад “Бодоод үз дээ.Хүүхдээ алдсан, хүний гарт үрүүлсэн эхийн сэтгэл ямар байх вэ, адилхан.Уурласан шувуу яаж дайрч давшлах вэ, нэг иймэрхүү хөдөлгөөн хийнэ биз дээ” гээд өөрөө хөдөлж, бүжиглэж үзүүлсэн юм.Одноо аливааг хөдөлгөөнөөр их хурц илэрхийлдгээрээ алдартай бүжигчин. Яг тэр мөчид нэг удаа айлын  хашаанд яваад ороход галуу нь над руу яаж дайрч, өд сөдөө сэрвийлгэж байсныг саналаа. Галуу тэгж уурлаж байсан юм чинь тэр том шувуу бүр л илүү сүртэй байж таарна гэж бодсон.Хөгжим шууд л буугаад ирсэн.Гэсэн ч тэр оройдоо барьж авч ядаад хойш тавиад.Өглөө нь эрт долоон цагт босонгуутаа шууд бичиж эхэлсэн.Түүнийгээ бүжгийнхэндээ өгтөл Одноо “Батаа чи ч ёстой овоо муу гар юм аа” гэх утгатай юм хэлсэн юм.Тэгэхээр нь за ямар ч байсан бүжгээ дэглээд эхэлчихэж байгаа юм байна гэж бодоод санаа амарч байлаа.Ингэж жүжгийн хөгжим бүрэн гүйцэд болсон.Олон арван том бүтээл тоглож ард түмэндээ хүргэсэн үндэсний найрал хөгжим мэдээж ядах юмгүй тоглосон.Онцолж хэлэх нэг хүн бий.Төгөлдөр хуурч, манай бүжгийн концертмейстер Д.Нарангэрэл эгчийн маань ажлын туршлага, ажилч хичээнгүй чанар энэ жүжиг босоход маш их нөлөөлсөн. Унаганаас гадна өндөг, дэгдээхэй, шувуу гээд олон дүртэй Бүжиг дэглээч О.Ууганбаяр: -Манай чуулгын урын сангийн бодлогын хүрээнд тавигдсан бүтээл.Түрүү жилээс эхэлж ярьж төлөвлөж, ажлын график гаргаж ажиллаад саяхан үзэгчдэдээ хүргэлээ.Би СУИС-ийн бүжиг дэглээчийн анги төгссөнөөс хойш хүүхдийн бүжиг дэглэх, найруулах зэргээр нэлээд ажилласан.Тийм болохоор намайг хүүхдэд зориулсан жүжигт бүжиг дэглэчихнэ гэж үзээд санал тавьсан байх. Хөгжим гарч ирмэгц зохиолтойгоо танилцаад  дэглэх ажилдаа орсон. Хөгжмийн зохиол маш сайн байсан учраас ажиллахад сонирхолтой байсан.Үйл явдлыг товч тодорхой, хүүхдэд ойлгогдохоор харуулах шаардлагатай тулгарсан.Хүүхдэд таалагдах донж маяг, эгдүүтэй байх талаас нь харж ажилласан.Бүжгийн хөдөлгөөн ч тэр, хөгжим ч тэр яг адилхан энэ талаас нь харсан.Манай чуулгын бүжигчид бүгд мэргэжлийн уран бүтээлчид.Гэхдээ хүнд элемент оруулж өгч, нүсэр байлгах гэхээс илүү хүүхдийн сэтгэхүйд тааруулахыг хичээсэн.Ганцхан унага гээд байхгүй, өндөг, дэгдээхэй, шувуу гээд олон дүр хамарсан уран бүтээл.Гол дүрийн хоёр дублёр унаганаас гадна зургаан туслах дүрийн унагатай.Эдэнтэйгээ эртнээс ажиллаж эхэлсэн л дээ.Ажлын дундуур юм л бол нөгөө хэдтэйгээ цуглардаг байлаа.Унага ингэдэг юм байна лээ, тэгдэг юм билээ гээд олж мэдсэн болгоноо хуваалцаж харилцан ярилцаж байлаа.Би хөдөө өссөн хүүхэд.Яг мал дээр байгаагүй ч ойр байсан болохоор мал гадарлана.Мөн бид уран бүтээлийн судалгаагаар хөдөө явж, гүүн зэлэн дээр ч өнжсөн.Т.Батаа гуай монгол ардын үлгэрээс сэдэвлэж хүүхдийн сэтгэхүйд тааруулж бичсэн амттай зохиолыг найруулагчийнхаа удирдлага дор хамт олноороо үзэгчдэдээ төлөвлөсөн цагтаа хүргэж чадсандаа баяртай байна.Төгөлдөр хуурч концертмейстер Д.Нарангэрэл багшийн няхуур, хичээнгүй ажиллагаа уран бүтээлчдэд маш их тус болсныг заавал хэлэх хэрэгтэй. Жүжгийнхээ хяналтыг хүүхдүүдэд үзүүлж хийсэн Найруулагч Д.Ганболд: -Ийм жүжиг тавих юмсан гэж олон жил бодсон юм.Сая л биеллээ.Багад эмээ минь надад “Цуутын цагаагч гүү” үлгэр ярьж өгөхөд нь их л дуртай, шимтэн сонсч байсны зэрэгцээ доголон нулимстай сууж байлаа.Багад сэтгэлд буусан бүхэн ой тооноос гардаггүй шүү дээ.Тэр л ёсоор цээжиндээ тээж явсан бодол хүслээ тайзны бүтээл болгож, уран бүтээлчдийнхээ хамт үзэгч хүүхдүүддээ хүргэлээ.Сайхан хүлээж авсанд баярлаж байна.Хүүхдүүд гэлтгүй эцэг эхчүүдэд нь ч гэсэн таалагдсан.Гадаа жүжиг үзэхээр ирсэн хүмүүсийн машин багтахгүй бөглөрөө үүсгээд нэлээд юм болсон.Өмнө нь машин зам бөглөхөд эгдүүцээд бухимдаад байдаг байсан, манай жүжгээс болоод түгжрэл үүсэхэд уур бухимдал төрөхгүй байсан (инээв).Бидний ажлын үр дүн гэж бодохоор дахиад олон ээж аав хүүхдээ дагуулаад ирээсэй гэж бодсон.Зохиолч Г.Батаа гуай “Цуутын цагаагч гүү” үлгэрээс сэдэвлээд их аятайхан зохиол бичээд ирсэн.Түүнийг нь уншиж үзээд хоёулаа хамтарч зохиолдоо бага сага өөрчлөлт оруулсан юм.Зохиолчийн гоё гоё үг хэллэг, хэлзүйн талын чамин нандин шигтгээнээс нь жаахан жаахан хасч, өөрчлүүлсэн тал бий.Яагаад гэхээр өнөөдрийн үзэгч хүүхэд жүжгийг тайзнаас шууд хүлээж авахаар хийхгүй бол болохгүй. Цаг үеэ дагаад хүүхдийн сонирхол  өөр болж. Тэдний анхаарлыг хоёр минут алдах л юм бол арын хорин минутын үйл явдал, өрнөл тэгээд л өнгөрнө.Тийм учраас би жүжгийн хяналтыг хийхдээ үзэгч авчиръя гэдэг саналыг уран сайхны зөвлөлдөө оруулсан юм.Зөвлөл зөвшөөрснөөр манайд хамгийн ойр цэцэрлэгийн хүүхдүүдийг урьж үзүүлсэн.Тэр хяналтаар хүүхдүүдийн анхаарал юун дээр илүү төвлөрч байна, хаана анхаарал сарниж байна, бүжигчид маань анх удаа ярьж, жүжиглэж байгаа учраас үг хэллэг нь тод байна уу, үгүй юу гэдгийг ч хянасан.Ингэж байж жүжгийнхээ нээлтийг хийсэн.Энэ бүтээлийг Төрийн банкны дэмжлэгтэйгээр үзэгчдэдээ хүргэж байна.Дууг нь хүүхдүүдийн сэтгэлд хоногшуулж, түүгээр дамжуулж дараагийн үзэгчдийг дуудах бодлого баримталж байна.Тиймээс энэ дууг хэн сайн дуулахыг шалгаруулах уралдаан зарлаж байгаа юм.Шагналыг Төрийн банк гаргана.Түрүүлсэн хүүхдэд хадгаламж нээж өгөх юм.Гэх мэтчилэн манай чуулгын уран бүтээлч, ажилтан нэг бүрийн оролцоотойгоор “Эрх цагаан унага” үзэгчдэдээ хүрлээ.Цаашид ботго, тугал, хурга сэдвээр жүжиг хийнэ. Р.ОЮУНЖАРГАЛ Эх сурвалж: ""ӨДРИЙН ШУУДАН"" сонин",урлаг соёл
"Сургууль цэцэрлэг амарч бага насны хүүхдүүд гэртээ хараа хяналтгүй байх болсон энэ үеэр хүүхдүүтэй холбоотой хэрэг зөрчлийн тоо нэмэгдэж байна.  Үүнтэй холбоотойгоор ЦЕГ-ын мэдээллийн төв Фэйсбүүк хуудсаараа дамжуулан дараах сэрэмжлүүлгийг хүргэж байна. ""Яг одоо таны хүүхэд юу хийж байна? Хаагуур хэнтэй нөхөрлөж байна? Гэртээ байна уу, аль эсвэл найз нөхөдтэйгөө зуны сургалтанд хамрагдсан уу? Харин цоожлогдсон уу? Та энэ асуултыг өдөр бүр өөртөө тавьж ү р хүүхдээ аюул эрсдлээс хамгаалахгүй бол өнгөрсөн хойно гэмшээд барахгүй аюул нүүрлэхийг цагдаагийн байгууллагаас анхааруулж байна.  Дөнгөж өчигдөр дөрвөн настай бяцхан охин тагтан дээрээсээ унаад нас барчихлаа. Мөн 7-8 насны эгч дүү охидууд хамар хашааныхаа ах дүү нарынхаа бэлгийн дур хүслээ ёс бусаар хангасан гэмт хэргийн золиос боллоо . Энэ бүхэн бидэнд хангалттай сургамж биш гэж үү. Дурьдаад байвал олон тоо баримт, жишээ дурьдаж болох энэ асуудлын талаар та заавал анхаараарай. Айл гэр бүхэн аз жаргалтай элэг бүтэн сайхан аж төрөх болтугай""",хууль
"Монгол Улсад генерал цол бий болсны 71-н жилийн ойн баяр, ""Монгол генералуудын өдөр"" өнөөдөр тохиож байна. Энэ баярын хүрээнд ёслол, хүндэтгэлийн үйл ажиллагааний нээлт Их Эзэн Чингис хааны талбайд болсон бол дөнгөж саяхан Үндэсний цэцэрлэгт хүрээлэн дэх ""Цагдаа"" цогцолборт генералуудад зориулсан, цагдаагийн байгууллагын үйл ажиллагааг харуулсан зэвсэг, техникийн хэрэгслийн үзэсгэлэн гаргах үйл ажиллагаа болж өндөрлөлөө. Энэ үеэр бид зарим генералуудын сэтгэгдэлийг сонссон юм. Ж.СОДНОМ ГЕНЕРАЛ: БИ ӨӨРИЙГӨӨ БУЛГАН СҮҮЛТЭЙ ГЭЖ БОДДОГ Маш өндөр сайхан сэтгэгдэлтэй байна. Арга хэмжээ их өргөн болж, бүр тэнгэр хүртэл тэтгэж, ийм сайхан үзүүлбэрийг чөлөөтэй сайхан үзүүллээ. Бидэнд ингэж сайхан үйлчилсэн цагдаагийн хамт олонд баяр хүргье. Би 1981 онд анх удаа Шүүхийн шийдвэр биелүүлэх газар ажиллаж байхдаа генерал цол хүртсэн. Тухайн үед Засан хүмүүжүүлэх хөдөлмөрийн байгууллагуудын удирдах газар гэж байлаа. Би тэр газрын анхны генерал. Надаас хойш дөрвөн генерал төрсөн. Би өөрийгөө их булган сүүлтэй гэж боддог шүү. Ц.ГОМБОСҮРЭН ГЕНЕРАЛ: ГЕНЕРАЛ ЦОЛ ХҮРТЭЭД 40 ГАРУЙ ЖИЛ БОЛЖЭЭ Би Батлан хамгаалах яамны генерал. Генерал цолыг аваад 40 гаруй жил болж байна. Яамны төвд аппаратад 50 гаруй жил ажилласан. Батлан хамгаалах яам бол өөрийнхөө генералуудад үргэлж анхаарал тавьж, хүндэтгэл үзүүлж, ажиллах урам зоригтой болгодог сайн байгууллага. Тиймээс бид энэ яамаа шүтэж, баярлаж, аль болох сайн сайхнаар ажиллахаар хичээдэг билээ. Б. БИЛЭГТ ГЕНЕРАЛ: ЦАГДААГААС ТӨРСӨН 14 ДЭХ ГЕНЕРАЛ Генерал цол төрүүлдэг хууль хяналтын байгууллагууд энэ арга хэмжээг ээлжилж тэмдэглэдэг. Энэ удаагийнхыг цагдаагийн байгууллагаас зохион байгуулж байна. Ноднин Батлан хамгаалах яам зохион байгуулж байсан. Шинээр төрсөн генералуудаа Генералуудын холбооноос албан ёсоор бүртгэж, элсүүлдэг ёслол болдог. Гурван шинэ генерал төрлөө. Ирэх жил Тагнуул, Онцгой байдлын газар баяраа тэмдэглэх байх. Одоо 168 генералаас 80 орчим нь амьд сэрүүн байгаа. Энд зарим генерал биеийн байдал, ажил төрлийн байдлаасаа болоод ирээгүй байна. Би цагдаагаас төрсөн 14 дэх генерал. Улсынхаа хувьд 159 дэх генерал. Ж.ГҮРРАГЧАА ГЕНЕРАЛ: УЛСЫНХАА 96 ДАХЬ ГЕНЕРАЛ БОЛСОН 1984 онд генерал цол хүртсэн. 96 дахь генерал болсон. Сүүлийн үед Генерал төв байгуулагдаж энэ төвийн шугамаар байгууллагууд ээлжлэн сайхан арга хэмжээ зохион байгуулдаг болсон. Бид бүгд баярлаж байна. Насныхаа тэтгэвэрт гарсан өндөр настай генералууд, өнөөдөр ажил төрлөө хийж яваа залуухан генералууд, тэдний гэр бүл үр хүүхэд энэхүү арга хэмжээнд оролцдог уламжлал тогтоод байна. Өнөөдөр ЦЕГ-аас ийм сайхан арга хэмжээ зохион байгуулж байгаад баяртай байна. Цагдаагийн алба хаагчдын хийж гүйцэтгэдэг онцгой ажлууд, онцгой үүрэг даалгавар хэрэгжүүлдэг багаж төхөөрөмж зэргийг Монгол Улсын генералуудад танилцуулсан онцгой үйл явдал болж байна. Б.БУРМАА",хууль
"“Шинэ үе” продакшны жүжигчин бүсгүйчүүд болох Ц.Алдармаа, Д.Оюунтуул нар нь биенээ гэмтээж, хөдөлмөрийн чадварыг нь түр хугацаагаар алдагдуулсан гэх хэргийг шүүх хурал өнөөдөр дүүргийн Эрүүгийн хэргийн анхан шатны II шүүхэд болно. Өнгөрсөн аравдугаар сарын 16-нд болсон анхан шатны шүүхээс Ц.Алдармаад долоон жил 10 хоногийн хорих ял, Д.Оюунтуулд хөдөлмөрийн хөлсний доод хэмжээг 10 дахин нэмэгдүүлсэнтэй тэнцэх мөнгөн торгууль төлөх шийдвэрийг гаргасан. Энэхүү шүүхийн шийдвэрийг Ц.Алдармаагийн гомдлоор давж заалдах шатны шүүхэд хянаж, хэргийг анхан шатны шүүхэд буцаагаад байгаа юм. -Ц.Алдармаагийн ялыг хөнгөрүүлэх боломжтой- Давж заалдах шатны шүүхээс Ц.Алдармаа нарын хэргийг анхан шатны шүүхэд буцааж, дахин шинжээч томилон магадлахыг үүрэг болгосон. Үүний дагуу шинжээчийн дүгнэлтэд өөрчлөлт орсон эсэхийг тус шүүхийн Олон нийт, хэвлэл мэдээллийн ажилтан Н.Баттогтохоос тодруулахад “Шинжээчдийн дүгнэлтээр өмнө нь Г.Оюунтуулын биед хүнд гэмтэл учруулсан гэж үзсэн бол энэ удаад хүндэвтэр гэмтэл учруулсан гэж гарсан юм билээ. Гэхдээ хэргийн зүйл заалт өөрчлөгдөөгүй. Өмнөх шүүгдэж байсан зүйл ангиар буюу Эрүүгийн хуулийн 96.1 дэх заалтаар эрүүгийн хэрэг үүсгэн шүүх хурал товлогдоод байна. Өөрөөр хэлбэл Ц.Алдармааг бусдын бие махбодид санаатай гэмтэл учруулсан, хөдөлмөрийн чадварыг алдагдуулсан бол таваас дээш долоон жил хүртэл хугацаагаар хорих ял шийтгэнэ гэх заалтаар шүүгчдэгчээр татсан” гэсэн юм. Ийнхүү шинжээчийн дүгнэлтэд өөрчлөлт оруулснаар буюу хүнд гэмтлийг хүндэвтэр гэж дүгнэснээр Ц.Алдармаад оноосон долоон жил 10 хоногийн ялыг хөнгөрүүлэх бүрэн боломжтой гэж өмгөөлөгчид нь үзэж байгаа юм байна. Дашрамд, жүжигчин Д.Оюунтуулын БНСУ-д эмчлүүлэх зардлыг Г.Алдармаагийн ар гэрийнхэн гаргаж, эмчлүүлж байгаа юм.  Дэлгэрэнгүй мэдээллийг эргэн хүргэх болно. Д.ЖАРГАЛ",хууль
"М.Төмөрбаатар: Махны үнэ харьцангуй тогтвортой байж чадсан Махны холбооны дэд ерөнхийлөгч М.Төмөрбаатартай цаг үеийн асуудлаар ярилцлаа. Танд энэ өдрийн мэнд хүргэе. Монголбанк, ҮХААЯ тай хамтран “Үнэ тогтворжуулах хөтөлбөр” ийг хэрэгжүүлээд 2 жил гаруй хугацаа өнгөрлөө. Хөтөлбөрийн хэрэгжилттэй холбогдуулан танаас цөөн хэдэн асуулт асууя. -Энэ хөтөлбөрийг хэрэгжүүлснээс хойш эдийн засагт нөлөөлсөн бодит үр дүн юу байв? -Засгийн газар Монголбанктай хамтран зарласан Гол нэрийн бараа бүтээгдэхүүний үнийг тогтворжуулах хөтөлбөр цаг хугацааны хувьд  оновчтой зөв хөтөлбөр болсон. Манай улс бэлчээрийн мал аж ахуй эрхэлдэг, газар тариалан нь улирлын шинж чанартай жилдээ нэг удаа л тариалалт  хийж, нөөц бүрдүүлэн бүтэн өвөл хаварынхаа хэрэгцээг хангадаг онцлогтой. Өмнөх жилүүдэд өвөл хаварын энэ хэрэгцээнд зориулж их хэмжээгээр мах, хүнсний ногоо бэлтгэн нөөцөлж байгаагүй ченжүүд өөрийн эх үүсвэр, хадгалах боломжоосоо хамаарч бага хэмжээгээр бэлтгэн нийлүүлж байсан нь үнэ өсөх, хомсдол үүсэх шалтгаан болж байсан юм. -Хөтөлбөрт хэрхэн яаж хяналт тавидаг вэ? -Хөтөлбөрийн хэргэжилтэнд Засгийн газар Монголбанк, иргэдийн зүгээс хяналт тавин ажиллаж байна. Төсөл хэрэгжүүлэгч талууд хийж бүтээсэн зүйлээ зөвхөн төрийн байгууллагад тайлагнахаас гадна иргэддээ үйлчлэн үйл ажиллагаагаа дүгнүүлж эхлээд байна. Тухайлбал: Тэнгэр плаза хадгалалт борлуулалтын иж бүрэн цогцолбор худалдааны төв нээлттэй ярилцлага хийж төслийн үр дүнг танилцуулж байгаа харагдсан. Махны  нөөц  бүрдүүлэх, түүний  хэмжээ, чанар,  хадгалалт,  худалдан  борлуулах  үйл ажиллагаанд ҮХААЯ, Арилжааны банкууд, Онцгой байдлын ерөнхий газар, Шудрага өрсөлдөөн хэрэглэгчдийн төлөө газар зэрэг холбогдох байгууллагууд  байнгын хяналт  тавьж ажилладагаас гадна Нийслэлийн хэрэглэгчдийн эрх ашгийг хамгаалах нийгэмлэг, Монголын махны холбоо зэрэг төрийн бус байгууллагуудтай гэрээ байгуулан хөндлөнгийн хяналт тавьж ажилладаг. -Хөнгөлөлттэй зээлд хамрагдсан компаниуд зээлээ хугацаанд нь төлж байгаа юу? -Гол нэрийн бараа бүтээгдэхүүний үнийг тогтворжуулах хөтөлбөрийн хүрээнд 116 аж ахуйн нэгж хөнгөлөлттэй зээлд хамрагдах хүсэлт гаргаснаас 38 нь гэрээ байгуулж, 20 гаруй нь мөнгөө авсан байдаг. Мөнгөө аваагүй аж ахуйн нэгж ч байгаа. Үүнээс төлөлт эхэлсэн аж ахуйн нэгж нэлээн хэд байгаа. Харин нөөцийн мах бэлтгэлийн тухайд хөнгөлөлттэй зээлийн эргэн төлөлтийг борлуулалт хийсэн тухай сар бүр арилжааны банкуудаар дамжуулан эргэн төлөлт хийж Монголбанкинд төвлөрүүлэн тухайн оны 7 дугаар сар гэхэд бүрэн төлж дууссан байдаг. -Монгол улсын махны нөөц өмнөх жилүүдтай харьцуулахад хэр нэмэгдэсэн бэ? -Саалиа бэлдэхээр саваа бэлтгэ гэдэг үгийг санах хэрэгтэй. Махны нөөц манай улсад байгаа. Харин сав, түүнд хадгалсан махыг борлуулалх тогтвортой борлуулалт, логистикийн механизм бүрдээгүй байна. Ямар ч байсан саваа бэлтгэх ажил хийгдлээ.Хөтөлбөрийн хүрээнд Траст трейд, Саян уул, Монтува, Хүнс комплекс, Тэнгэр плаза, Хатансүйх гэх мэт олон аж ахуйн нэгж байгууллага шинээр мах шулж ангилан, савлах цех, худалан борлуулах төв, зориулалтын хөргөлттэй агуулах барьж ашиглалтанд оруулсан. -Үнэ тогтворжуулах хөтөлбөрийг хэрэгжүүлээгүй байсан бол өнөөдөр махны үнэ хэд хүрэх байсан бэ? -Хөтөлбөрийн хүрээнд Улаанбаатар хотод 12.0 мян.тн,  Дархан, Эрдэнэт хотод тус тус 1 мян.тн нийтдээ 14.0 мян.тн мах бэлтгэж махны хомсдол үүсдэг сарууд болох 12-08 сарын хооронд борлуулдаг. Нөөцийн хямд махыг зах зээлд гаргаснаар албан бус сектор буюу ченжүүдийн хооронд өрсөлдөөн үүсэж үнийг тогтворжуулсан. Хэрвээ нөөцийн мах бэлтгээгүй бол махны үнэ 10.0 – 15.0 мянгад хүрэх байсан байх. Албан секторт мах, хүнсний ногооны борлуулалтыг НӨАТ-аас чөлөөлснөөр өрсөлдөх чадвар улам сайжирч гол нэрийн бараа бүтээгдэхүүний үнэ улам буурахаар байна. -Үнийг тогтворжуулах хөтөлбөр цаашид хэр удаан үргэлжлэх вэ? -Хөтөлбөрийг зогсоовол одоогийн бэлдэж байгаа 14.0 мян.тн мах, 180 гаруй мянган тонн хүнсний ногоог ченжүүд нөөцлөж борлуулах эргэлтийн хөрөнгө, материаллаг бааз байхгүй тул нөөц бүрдүүлж чадахгүй. Цаашид үнийн огцом өсөлтийг тогтворжуулж, эцсийн хэрэглэгчид очих үнийн дарамтыг бууруулахын тулд хөтөлбөрийг цаашид үргэлжлүүлэн хэрэгжүүлэх нь зөв юм. Одоогоор мах бэлтгэдэг аж ахуйн нэгж байгууллагуудад эргэлтийн хөрөнгө, зузаатгал тутмаг байгаа учраас заавал төр оролцож төрийн дэмжлэгтэйгээр, хувийн хэвшил төрийн хамтын ажиллагаан дээр хамтдаа шийдэх нь зүйтэй. Тэгэхээр энэ хөтөлбөрийг иргэдийн хэрэглээний гол нэрийн бараа, бүтээгдэхүүний нийлүүлэлтийн тогтвортой тогтолцоог бий болтол дунд болон урт хугацаанд үргэлжлүүлэх хэрэгтэй байна. Үүнийг Улсын их хурал, Засгийн газар, Монголбанк дэмжин ажиллах нь чухал. -Ярилцсанд баярлалаа Д.ЦЭЭНЭ",эдийн засаг
"Доктор Д.Жаргалсайхан De facto нэвтрүүлэгтээ ОХУ-аас манай улсад суугаа Онц бөгөөд Бүрэн эрхт Элчин сайд В.В.Самойленког урьж ярилцжээ. -ОХУ-ын Элчин сайд Молотовын үеэс энэ оронд болж буй аливаа үйл явдалд нэн нөлөөтэй улс төрийн зүтгэлтэн байсан билээ. Танд тэр олон жилийн ачаа мэдэгдэж мэдрэгдэх юм уу ? -Манай элчин сайдын яаманд өмнөх Элчин сайдуудын хөрөг хана дүүрэн эгнэсэн байдаг. Миний хувьд шинэ цагийн 28 дах элчин сайд. Хугацаа минь дууссан хойно миний хөрөг бас тэнд залрах биз гэж боддог юм. Манай хоёр улс ардын хувьсгал мандсанаас хойш 90-ээд жилийн дипломат харилцааны түүхтэй билээ. Харин хоёр орны дипломат харилцааны 90 жилийн ойг тэмдэглэх үеэр нэгэн хачирхалтай зүйл олж мэдсэн юм. Тэр нь 90-ээд жилийн өмнө биш, харин Монгол Улсад Хаант Орос улсын Ерөнхий консулын газар анх 1861 онд Хүрээнд нээгдэн ажиллаж байсан юм билээ. -Манай улсад танай талаас Элчин сайдын яам байгуулахаас өмнө консулын газар байсан гэсэн үг үү? -Тийм ээ. Орос оронд Октябрийн хувьсгал гарахаас өмнө байсан консулын газар энэ хувьсгалаас хойш засаг төр солигдсон ч нэг хэсэг хуучнаараа ажлаа явуулж байсан. Харин түүнээс хойш Оросын консул болон консулын газрын ажилтнууд Хятад руу гарч явсан байдаг. -Танай улсын иргэд Монголд хэр олон байна вэ? -Олон биш байх. Өмнө нь олуулаа байсан. Бүр ардын хувьсгалаас өмнө суурьшсан нь ч бий. 1921 оноос хойш Зөвлөлтийн эмч геологич зэрэг янз бүрийн мэргэжлийн хүмүүс ажиллаж амьдарч, монголчуудтай ураг барилдсан байдаг. Мөн дэлхийн хоёрдугаар дайны дараа Зөв­лөлтийн мэргэжилтнүүд ирж хэдэн арван мянга болтлоо өргөжөөд яваандаа 1960-1970-аад оноос арай цөөрсөн. 1980-аад оны сүүлчээр манай хоёр орны хоорондох харилцаа зэгсэн муудсан. -Өөрчлөгдөж? -Түүнээс хойш Орос нь Монголтой манатай, Монгол ч Оростой манатай болох үед мэргэжилтнүүд ч, цэргийнхэн ч нутаг буцаж одоогоор бол Монголд 2500-3000 орос иргэд байгаа. Үүнээс 1500 нь байнгын оршин суугч буюу “местный” оросууд. Эдний дунд буриад, тува нар ч байгаа. Бусад нь монгол байгууллага, компанид ажиллаж буй гэрээт ажилтнууд. -2009 онд Танай улсын Ерөнхийлөгч Д.Медведев Монголд айлчлах үеэр хоёр орны стратегийн түншлэлийн тухай гэрээг үзэглэсэн. Тэр үед Ерөнхийлөгч Ц.Элбэгдорж манай орны эдийн засагт үлэмж нөлөөлөхүйц зүйлийн  талаар ярилцсан байдаг. Түүнээс биеллээ олсон, урагшилсан нь тун ховор. Үүнийг яаж зохицуулах ёстой вэ? -2009 оны наймдугаар сард манай төрийн тэргүүн Монголд айлчилсан нь хоёр орны хувьд анхны том айлчлал байсан. Энэ айлчлал нь Зөвлөлт-Монголын арми Халхын голд байгуулсан ялалтын 70 жилийн ойтой тохиосон бөгөөд чухал зүйл нь хоёр орны стратегийн түншлэлийг үргэлжлүүлэн хөгжүүлэх тухай тунхаглалыг үзэглэсэн явдал юм. Энэхүү тунхаг бичиг нь хоёр орны хооронд байгуулсан хөрөнгө оруулалтын зэрэг олон гэрээ хэлцэл хэрэгжүүлэх тухай тохиролцоог баталгаажуулсан чухал баримт бичиг байсан. Үүнд Дорнод аймаг дахь ураны орд газрыг ашиглаж, Монголын нутагт төмөр зам шинээр тавих, УБТЗ-ыг шинэчлэх, “Монголросцветмет” болон “Эрдэнэт” зэрэг хамтарсан үйлд­вэрийн үр ашгийг дээшлүүлэх, Тавантолгойн нүүрсний ордын төсөлд оролцох зэрэг манай талын хөрөнгө оруулалтын оролцоотой олон зүйлийг хэлэлцэж хамруулсан. -Төмөр замын өргөний тухай нэлээд хэлэлцсэн. Гэрээнд бүр 15-42 мм гэж заасан санагдана? -Монголын стандарт 15-20 мм шүү дээ, Финланд, Орост ч мөн адил байдаг. Энэ бол технологи болон эдийн засгийн үүднээс хамгийн оновчтой нь. Ерөнхийлөгчийг айлчлахаас өмнөхөн Ерөнхий сайд В.Путин айлчилж ТЭЗҮ болон зураг төсөл, хайгуулын ажил, санхүүжүүлэх арга замыг эрж хайх буюу  энэ том төслийн бэлтгэл ажлыг хангах үүрэгтэй «Дэд бүтцийн хөгжил» ХХК байгуулсан. Энэ компани нь Монголын төмөр замын дэд бүтцийн хөгжлийн ерөнхий бодлогыг хэрэгжүүлэх ажлыг хамтарсан компанийн хувьд сайн хийсэн. Гэвч хожим нь Монгол дахь үйл явдлын гольдрилоос жаахан гарч орхисон. -Яагаад ийм байдалд хүрсэн юм бол. Уг нь хамтарсан компани биз дээ ? -Тийм л дээ, төмөр замын шинэчлэлийн болон  түүний гүн шинэчлэлийн хөтөлбөр боловсруулах томоохон ажлыг ч хариуцах ёстой гэж үүсгэн байгуулсан бичиг баримтад тусгасан. Түүнээс гадна Таван­толгойгоос Сайншанд-Чойбалсан хүртэлх шинэ төмөр замын ажилд ч оролцох ёстой байсан ч ерөнхий стратеги боловсруулан баталснаас хойш ажилгүй болсон.  -Хамтарсан компанийн ТУЗ-аар энэ тухай хэлэлцэн шийдэх ёстой байсан биз дээ? -Монголын хувьд төмөр зам бол гол тулгуур нь байх ёстой гэж би боддог. Байгалийн асар их эрдэс баялгийг ашиглах уул уурхайн эдгээр олон том төсөл хэрэгжүүлэхэд эдийн засгийн хөгжлийн хувьд ч тэр шүү дээ. УБТЗ-ыг хэд хэдэн үе шатаар тавьж дуусгаад анхны галт тэрэг нь 1951 онд явж эхэлсэн. Үүний ачаар төмөр зам дагуух хөгжил асар хүчтэй явагдсан. Түүнээс өмнө тэмээн жингээр л хамаг ачаа бараагаа зөөж байлаа. -Ер нь Европ, Азийг холбосон төмөр замын хамгийн ядруухан хэсэг нь Монголоор дамждаг шүү дээ? -Яг тийм. Тийм болохоор л УБТЗ-ыг хөгжүүлэн өргөжүүлэх, шинэчлэх нь чухал гэдгийг яриад байгаа юм. -Шинэ төмөр замыг барихад эхний ээлжинд хэдэн тэрбум төгрөг хэрэгтэй вэ? -Багцаагаар 5-7 тэрбум ам.дол­лар хэрэгтэй. Үүнийг хамтарсан компани «Дэд бүтцийн хөгжил» босгох ёстой байсан бөгөөд энэ мөнгийг олсон. Хөрөнгө оруулах сонир­холтой компани байсан. Тухайлбал, «Оросын төмөр зам»-аас 2010 онд төмөр замын эхний ээлжинд шаардлагатай 1.5 тэрбум ам.доллар гаргаад өгсөн байгаа. -Тэр их мөнгө тэгээд юу болов? -Хэвээрээ л байгаа. Мөн нэмээд 6-7 тэрбумыг олоод байгаа. -Тэгээд хаанаа саатаад байгаа юм бэ? -Яг үнэндээ бол 2010 оны долдугаар сарын 25-нд «Оросын төмөр зам»-ын Ерөнхийлөгч В.М.Якунин Монголын талд албан захидал хүргүүлж, Таван­толгой-Сайншанд-Чойбал­сан чиглэлийн төмөр замыг тавьж эхлэх зөвшөөрөл хүссэн ч хариу  өгөөгүй. -Ерөнхийлөгч айлчлахад үзэглэсэн биз дээ ? -Элдэв бичиг баримт үзэглэх, ямар нөхцөл болзлоор тусгай эрх, зөвшөөрөл авах вэ гээд их ажил ундарна шүү дээ. 2010 оны хоёрдугаар хагаст энэ тухай л хэлэл­цэж ярилцсаар өндөрлөсөн. 2010 оны  аравдугаар сарын 28-нд ноён В.М.Якунин хүрэлцэн ирж, холбогдох хүмүүстэй уулзаж, төмөр зам тавих ажлаа эхлэх тухай тохиролцох шиг болсон. Гэтэл урагшилсан зүйлгүй. Тэр энэ гэж хүн нэрлээд яах вэ. 2010, 2011 оныг үр дүнгүй үдсэн нь харамсмаар. Харин одоо жаахан наашлах байх гэтэл бид хаана нь яаж оролцох тухай ойлголцоогүй л байна. Тавантолгойн төмөр замын төсөлд ОХУ огт оролцохгүй болчихлоо гэж бодоод байгаа. Үүрэг оролцоо нь хаана байгааг нь олж харахгүй л юм. -Төмөр замыг Тавантолгой хүртэл хэд хэдэн газар холбон залгах тухай асуудал арай өөр зүйл байх? -Энэ арай өөр асуудал. Төмөр зам шинээр тавих тухай асуудал босч ирэхэд монгол нөхөд бидэнд хандаж энэ талаар шийдэл олох тухай хүсэлт тавихад Оросын оролцооны тухай улс төрийн шийдвэр гарсан юм. УБТЗ-д ч бид хамтран оролцож байдгийн хувьд тэр шүү дээ. -Танай тал Оростоо энэ талаарх ажлын консорциумд оролцож байгаа биз дээ ? -Тэгээд төмөр замыг чухам яаж тавих тухайлбал санхүүжүүлэх тухай асуудал гарч ирсэн. Монголын Засгийн газар санхүүжүүлэх нэг шийдэл байсан. Өөр нэг арга зам гэвэл Монголын Засгийн газар нь бидний гаргасан хөрөнгө мөнгөө эргээд олж авах тухай баталгаа гаргах явдал байлаа. Саяхан л Монгол Улсын Засгийн газар 600 сая ам.долларын баталгаа гаргалаа. Өмнө нь Монгол Улсын Засгийн газар тийм баталгаа өгөөгүй байсан. 2003 онд Оросын тал 11.4 тэрбум ам.долларын өр тэглэсэн болохоор бид энэ гаргасан хөрөнгөө яаж эргүүлж гаргаж авахаа бас мэдмээр байна. Аль нэг орд газрын нөөцийн баталгаагаар энэ замыг тавьж болох юм гэсэн санаа анх буй болж Оросын тал Тавантолгойн төсөлд оролцох тухай ярьж эхэлсэн. Бид хөрөнгө мөнгө олж, гаргаж, бариад, харин хожим нь тэр орд газрын ашиглалтаас олсон орлогоор нөхөх арга зам юм. -Манай хоёр орны хооронд өр ширийн асуудалгүй тул санхүүжилтээ тэгээс эхэлнэ гэсэн үг биз дээ ? -Тэр өөр асуудал л даа. Зарим зүйлийг эцэслэн шийдээгүй шүү дээ. Бид Тавантолгойгоос олсон хөрөнгөөр төмөр зам тавья. Тавантолгойгоос ашиг олох биш харин төмөр зам барих хөрөнгө босгоно. Зарчмын ялгаа байгаа биз дээ. УБТЗ ашиглагдаад 60-аад жил боллоо. Энэ шинэ замыг тавихын хажуугаар УБТЗ-ыг бас шинэчилнэ гэсэн үг. Ашиглаад удсан бас ачаалал нь даацаасаа хэтэрсэн. -Олон улсын зах зээлд хувьцаа гаргаж хөрөнгө мөнгө босговол яах бол? -Мөнгөний зовлон гэж байхгүй шүү дээ, УБТЗ-ыг шинэч­лэх хөтөлбөр бэлэн байгаа.  Харин УБТЗ-ын чиг­лэлийг тогтоож чадахгүй байна. Хэлэлцэх асуудлаас ямагт л хасаад байх юм. Хувь нийлүүл­сэн нийгэмлэг болохоор бид албадах аргагүй. Үүнд хоёр тэрбум орчим ам.доллар зарцуулах болно. -Одоо УБТЗ ашигтай ажил­лаж байна уу, эсвэл алдагдалтай юу ? -Ашигтай, 2009 оноос УБТЗ-д хувь нийлүүлсэн Оросын хувьцааны багцыг буюу УБТЗ-ын 50 хувийг «Оросын төмөр зам» НХН мэдэлдээ авсан. 2011 оны дүнгээр УБТЗ одоо л ашигтай ажиллаж эхэллээ. -Манайд метро тавих асуудал яригдаж байна? -Метро бол өөр зүйл. Төмөр замд төдийлөн хамаагүй. Солонгосын төсөл гэсэн байх. -Сэдвээ өөрчилье. Оросоос импортолсон шатахуун үнэтэй байна гэж ярих болсон? -Төмөр замын тухай дахиад жаахан нэмж яримаар байна. Дорно зүгт Оросын нутгаар бид төмөр зам барьснаас өмнө зүгт шууд тээвэрлэх нь илүү биш үү гэж маргадаг. Оросын тал Монголын дамжин өнгөрөх экспортын бараа ачааны тээвэрт 50 хувийн хөнгөлөлтийг хэдэн жилийн өмнөөс  үзүүлж эхэлсэн. Наушкаас Владивосток хүртэл 4000 км замаар нүүрс тээвэрлэхэд нэг тонн нь 31.95 ам.доллар байгаа. -Эндээс Тяньжин боомт хүртэл? -Мэдэхгүй, харин Чойроос Наушки хүртэл 15.54 ам.доллар. Наушкаас Владивосток хүртэл 31.95 ам.доллар. Зарчмын хувьд ингэсэн нь эдийн засгийн үүднээс ашигтай. -Энэ нь дэлхий нийтийн эрх ашигт нийцнэ биз дээ? -Энгийн тооцоогоор бол хойгуурх замын тээвэр нь Тяньжинаар тээвэрлэсэнтэй дүйцнэ. Тяньжинд ч дамжин ачих гээд бэрхшээл бий л дээ. Дашрамд хэлэхэд, Монголын нүүрсний экспортын тээврийг дамжуулах боомтуудыг тогтоосон юм. 2010 оноос хойш бид зүгээр суусангүй, ажиллаж л байлаа. Тусгайлсан терминал боомт гаргасан гэсэн үг. Одоо бол эхэлье гэх л дутуу байгаа. Орос бол Монголын газрын тосны бүтээгдэхүүний цорын ганц гол нийлүүлэгч Хятад, Солонгос, Казахстанаас бага зэрэг импортолдог гэсэн. Гэсэн ч “Роснефть” компаниас авах нь аль ч талаараа ашигтай. Яагаад гэвэл Монгол Улс Оросын дотоодын үнээр импортолж авах тохиролцоотой. -Манай импортлогчид Орост экспортын үнэ нь өслөө гэдэг? -Уг нь экспортын үнийн тарифын тогтолцоо гэж нэг зүйл бий. Түүхий газрын тос экспортолвол бэлэн бүтээг­дэхүүний экспортоос илүү өндөр байдаг тусгай зохицуулалт байдаг. Одоогийн байдлаар бол өнгөрсөн оны 4-6 дугаар сард ямар байдалтай байсан бэ гэхэд Засгийн газар нь тариаланчдыг хямд үнэтэй түлшээр хангах үүднээс бензин болон дизелийн түлшний дотоодын үнийг хянах болсон. Учир нь манай зарим үйлдвэрлэгч шинэчлэлт хийж, үйлдвэрлэл нь хумигдаж, тариалалтын үеэр хямд үнээр нийлүүлж байснаас экспор­толсон нь илүү ашигтай болсон. Үүний гайгаар улс оронд бензин түлшний хомсдол үүссэн нь Монголд ч нөлөөлсөн. Яагаад гэвэл түлш нийлүүлэх тухай Монголтой байгуулсан удаан хугацааны гэрээ хэлцэл байдаггүй. Харин “Роснефть”-тэй л хэлэлцсэн зүйл байгаа. -Байдаг юм биш үү, энд төлөөлөгчийн газар нь байдаг. Яагаад удаан хугацааны гэрээ хэлцэл хийдэггүй юм бол? -”Роснефть”-тэй л хийсэн гэрээ хэлцэл байгаа. Монголын тал л сонирхолгүй юм шиг байдаг. -Манай Монголын импортлогчид санаа нэгдэж чаддаггүй юм... -Ноднингийн хямралаас хойш хоёр тал нийлүүлэх баталгаат хэмжээгээ тохиролцсон хэлцэл байдаг ч гэрээ нь байхгүй. Монголын импортлогч хагас сард төдийг гэж захиалга өгнө. -Нийлүүлэтийн урт хугацааны гэрээ байгуулж болдоггүй юм уу. Саад болох зүйл юу байна ? -Үүний тулд эхлээд гэрээ хэлцэлтэй байх учиртай. Дараа нь Монголдоо тодорхой хэмжээний агуулах багтаамжтай байх ёстой. -Сүүлийн асуулт. Хоёр орны харилцааг та таван жилийн дараа ямар түвшинд хүрэх бол гэж таамагладаг вэ ? -Манай хоёр орны найрам­далт харилцаа тун ч их чадавхи чадамжтай гэж боддог. Харин бид бүрэн гүйцэд ашиглаж чадахгүй байгаа болов уу. Хэрвээ чадлаа гэхэд харилцаа тун ч гэгээн ирээдүйтэй хэтдээ өгсөх замаар замнах ёстой гэж би үздэг. Харин сүүлийн хоёр, гурван жилд хойшдын харилцааны чиг хандлагаа тодорхойлж ирэв. Чухам яаж аль зүгт өрнүүлэхээ тогтвол хорь, гучин жилийн хэтийн төлөв ч тодорхой болж ирнэ. Эх сурвалж: “ӨДРИЙН ШУУДАН” сонин",эдийн засаг
"Сайн зөвлөгч бүгд сайн сонсогчид байдаг. Бусдыг ойлгох хамгийн оновчтой шийдэл нь сонсох чадвар бөгөөд энэ нь танд нэгэн шинэ ур чадварыг бий болгож байдаг. Бусдыг сонсож сурснаар харилцаагаа улам бэхжүүлж, тодорхой итгэлцлийг бий болгож чаддаг. Таны харилцаа чадвар тань харилцагч, худалдан авагчийн санал, бодлыг сонсож, тэдний хэрэгцээ, хүсэлт, санааг зовоосон асуудлыг хэрхэн шийдэж байгаа чадвараар тодорхойлогдоно. Гэвч та анхнаасаа л харилцааны өндөр ур чадвартай төрөөгүй байж болно. Энд та илүү сайн сонсогч болоход тусалж, тэдэнд юуг хэлж, юуг хэлж болохгүй байх тухай  зургаан заавар  юм. 1) Сонирхолтой байгаагаа харуулах Хэн нэгэнтэй харилцаж байгаа үедээ та завгүй аль эсвэл дуу чимээ ихтэй орчинд байсан ч харилцагчдаа бүрэн анхаарлаа хандуулах хэрэгтэй. Хэрэв та анхаарлаа төвлөрүүлж тэднийг сонсож чадахгүй байвал дуу чимээ багатай орчинд шилжин яриагаа үргэлжлүүлэх хэрэгтэй. Мөн сонсож байхдаа өөрийгөө харилцагч хүнийхээ байр сууринд тавьж асуудлыг хэрхэн шийдэх байсан тухай өөрийн үзэл бодлыг хуваалцах хэрэгтэй. 2) Шидэт үг: “Надад хэлээч”  Ихэнх хүмүүс өөрийн амьдралын туршлага, түүхээ хуваалцаж харилцаагаа илүү бэхжүүлдэг. Харилцаанд ашиглагддаг хүчтэй үг бол “Надад хэлээч” юм. Сайн ярилцагч нь тийм эсвэл үгүй гэсэн асуултад хариулагдахаар энгийн асуултаас  зайлс  хийдэг. Тэд асуултаа нээлттэй байдлаар сонсохыг чухалчилдаг. Жишээ нь: Надад хэлээч танд өөрийн бизнесээ эхлэхэд ямар асуудал тулгарч байна вэ?  эсвэл Надад хэлээч гэр бүлээрээ аялахад тохиромжтой газар аль вэ? гэх мэт. Хэрэв та өөр хүний ​​сонирхолд тааруулан ярианы сэдэв сонговол, хэлэлцүүлэг илүү саадгүйгээр болох болно. 3) Нэрийг нь хэлэх Дейл   Карнеги  нэгэн удаа ” Нэр нь тухайн хүнд ямар орны хэлээр хамгийн сайхан, сонсголтой дуу юм” гэж хэлсэн байдаг. Хэрэв та  харилцагчийнхаа  нэрийг санаж байвал энэ нь бизнесийн танилын хувьд таныг илүү зоригжуулж дотно болгож байдаг. Танд түүний нэрийг тогтооход хүндрэлтэй байгаа бол олон дахин оролдож тогтоох хэрэгтэй. Харин анх удаа уулзаж байгаа тохиолдолд хамгийн түрүүнд нэрийг нь асуух хэрэгтэй. Жишээ нь яриа эхлэхэд “Тантай уулзахад таатай байна, Ноён Болор-Эрдэнэ” гэж эхлэн яриагаа үргэлжлүүлэн яриа төгсөхөд “Тантай ярилцах сайхан байлаа, Ноён Болор-Эрдэнэ” хэмээх нь харилцагчид өндөр сэтгэгдлийг үлдээх юм. 4) Намуухан бус үнэн сэтгэлээсээ Хэн нэгэн таныг хүлээн зөвшөөрч байгаа үед богино хугацааны холбоо үүсдэг. Энэ үед нийтлэг нэгэн зүйл бий болж байдаг. Гэхдээ ямар мэргэжлийн хүчтэй харилцаа байсан ч гэсэн үл ойлголцол бий болж байдаг. Бусдыгаа хүндэлж хүлээцтэй байх нь үл ойлголцлыг арилган харилцааг бэхжүүлэхэд тусалдаг. Хэрэв та хэн нэгний үзэл бодолтой санал нийлэхгүй байгаа бол учир шалтгааны тодруулах асуултыг асуух хэрэгтэй. 5) Бага ярьж, Их сонсох Хэрэв хэн нэгэнтэй ярилцаж байгаа бол өөрийн бүхий л биеэрээ сонсох хэрэгтэй. Нүдээрээ холбоо тогтоох, өөрсдийнх нь ярьж байгаад бүрэн анхаарлаа хандуулах хэрэгтэй. Анхааралтай сонсох нь итгэлийг бий болгож, танд мэргэжлийн харилцааг тогтооход тань туслах болно. Боломж гарсан үед нь чин сэтгэлээсээ сонирхож байгаагаа харуулах асуултуудыг асуу. Хэрэв та ойлгоогүй бол, дахин тодруулан нь асуу. Жишээ нь “Би таныг зөв ойлгож байна уу?” гэх мэт тодруулах асуулт асууж болно. Энэ нь та асуудлыг буруугаар шийдвэрлэх эрсдэлээс хамгаалах юм. 6) Яриаг тасалдуулах болон сэдвийг өөрчлөх хэрэггүй  Та хэчнээн сайн асуудлыг мэдэж байлаа ч харилцагчийнхаа яриа тасалдуулах нь тийм ч таатай хэрэг биш юм. Харилцагчийнхаа яриаг тасалдуулах нь тухайн хүнийг үл хүндэтгэж, асуудлыг шийдэхийг хүсэхгүй байгаа мэт   сэтгэгдлийг  төрүүлдэг. Мөн ярианы сэдвийг өөрчлөх нь тухайн асуудлыг ойлгохгүй, сонсохыг хүсэхгүй байгаа мэт харагдуулдаг. Та үргэлж хариулахаасаа өмнө бусад хүнд өөрийн яриаг дуусгах хангалттай хугацаа олгож байх хэрэгтэй. Таны тэвчээр болон хүлээн авч буй байдал харилцагч тань таалагдах болно. ТАНД АМЖИЛТ ХҮСЬЕ!!!!!",эдийн засаг
"Энэ сарын 17-ны өдрийн Засгийн газрын хуралдаанаар Эрүүл мэнд, спортын дэд сайдаар Д.Атармаа, Т.Болдбаатар нар томилогдсон. Тэгвэл өнөөдөр Эрүүл мэнд, спортын сайд Г.Шийлэгдамба дэд сайд нарыг яамны нийт ажилтан, албан хаагчдад албан ёсоор танилцуулж, Засгийн газрын бүтэц, бүрэлдэхүүн шинэчлэгдсэнтэй холбогдон гарсан зарим тогтоол, шийдвэрүүдийн талаар мэдээлэл өглөө. Тэрээр өмнөх Засгийн газрын ололттой ажлуудыг үргэлжлүүлж, засаж сайжруулах шаардлагатай асуудлуудыг зоригтой шийдэж, тулгамдсан чухал асуудлаас ажлаа эхэлж байгаагаа онцлоод дэд сайд нартай хамтран салбарын хөгжлийн төлөө ямар нэг ашиг сонирхлын зөрчилгүй, намын талцалгүй ажиллахаа илэрхийллээ. Д.Атармаа: Эх, хүүхдийн эрүүл мэндийн тусламж, үйлчилгээний асуудлыг төрийн бодлогын түвшинд гаргахын төлөө ажиллана - Эрүүл мэндийн салбарт бодлогын хувьд хийж хэрэгжүүлэх олон ажил байна. Эрүүл мэндээ хариуцан ажиллаж байгаа сайдын хувьд юуны өмнө эх, хүүхдийн эрүүл мэндийн тусламж, үйлчилгээтэй холбоотой асуудлыг төрийн бодлогын түвшинд хүргэхийн төлөө ажиллана. Мөн эмнэлэг, эрүүл мэндийн байгууллагад ажиллаж буй хүмүүсийн эрх ашгийг хамгаалах, эрүүл мэндийн байгууллагын санхүүжилтийг иргэний эрүүл мэндийн даатгалын тухай хууль болон бусад эрх зүйн баримт бичгүүдтэй уялдуулж зөв, оновчтой болгох, шинээр баригдаж байгаа эмнэлгийн барилгын асуудлуудыг шийдэхэд бүхий л бололцоогоо дайчлан ажиллана. Та бүхэнтэй хамтран ажиллах гэж байгаадаа баяртай байна. Т.Болдбаатар: Спорт, эрүүл мэнд хоёр салшгүй холбоотой салбар - Спорт, эрүүл мэнд хоёр салшгүй холбоотой салбар.  Миний хувьд та бүхэнтэй нэг баг болон ажиллах болсондоо баяртай байна. Одоогоор Засгийн газраар яамдын бүтэц албан ёсоор батлагдаагүй байгаа. Удахгүй бүтэц тодорхой болоод ирэхээр олон чухал асуудлыг хамтдаа шийдвэрлэж, үр дүнг нь харна гэдэгт итгэлтэй байна.",эрүүл мэнд
"Бидний өдөр тутам хүнсэндээ хэрэглэдэг төмс, лууван, байцаа, манжин, өргөст хэмх болон бүхий л төрлийн жимс жимсгэнээс хорт хавдар үүсгэгч бодис буюу пестицид илэрчээ. Монголын хэрэглэгчдийн эрх ашгийг хамгаалах нийгэмлэг болон Эрүүл мэндийн шинжлэх ухааны их сургуулийн судалгааны багийн хийсэн шинжилгээгээр манай улсад тарьж, импортолж байгаа нийт хүнсний ногоо, жимс жимсгэний 40 хувь хортой буюу пестицидийн үлдэцтэй болохыг тогтоосон байна. Энэхүү судалгааг 2013 оны зургаан сараас хийсэн гэнэ. Ийнхүү галогенид, фосфат, нитратын агуулагдах хэмжээ хэвийн үзүүлэлтээс өндөр байгаа нь ургацын явцад ургамлын өвчин, хортон шавьж устгах зориулалттай пестицид гэх бодисыг хэтрүүлэн хэрэглэсэнтэй холбоотой юм байна. БНХАУ-аас импортолж байгаа ногооны 80 хувь нь хортой Энэхүү хорт бодис нь БНХАУ-аас импортолж ирсэн хүнсний ногоо төдийгүй, газар тариалангийн бүс нутаг болох Сэлэнгэ, Төв аймгийн нутгуудад ургуулсан монгол хөрсний хүнсний ногоонд пестицидийн үлдэгдэл их байсныг судалгааны багийнхан онцлон анхааруулж байна. Тодруулбал, Сэлэнгэ аймгийн Сүхбаатар, Зүүнхараа, Алтанбулаг сумын ургацын 55 хувь, Төв аймгийн Баянчандмань, Борнуур сумаас ирсэн ногооны 34 хувьд хорт бодис агуулсан байжээ. Мөн Өмнөговь аймгийн хөрсөнд ургасан улаан лооль, өргөст хэмхийн 33 хувь, нийслэлийн Баянзүрх дүүрэгт тариалсан дээрх хоёр төрлийн жимсэнд 40 хувийн пестицидийн үлдэц агуулагдаж байгааг тогтоосон байна. Өнгөрсөн жил манай улсын хэмжээнд 190 орчим мянган тонн төмс, 101.7 мянган тонн хүнсний нарийн ногоо, 1.4 мянган тонн жимс, жимсгэнэ хураан авсан. Гэвч хэрэглэгчдийн хэрэгцээг бүрэн хангадаггүй учраас БНХАУ-аас нийт хүнсний ногооны 45 орчим хувийг импортолдог байна. Гэтэл БНХАУ-аас импортлон оруулж ирж буй нийт хүнсний ногооны 40 хувьд пестицидийн үлдэгдэл маш их, 31.3 хувьд нь нэлээд их гарч нийт дүнгээр 80 хувь нь хортой байжээ. Пестицид хүний биед ямар хортой вэ? Пестицид нь ургамлын өвчин, хогийн ургамал, хортон шавьж, мэрэгчид, амьтдын эндо, экзопаразиттай тэмцэхэд хэрэглэдэг химийн бодис юм байна. Эрдэмтдийн үзэж байгаагаар пестицидийг заавар журмыг дагуу хэрэглэсэн тохиолдолд уг бодисын хэмжээ бага, хүнийг хордуулах төвшинд хүрдэггүй. Харин ногоочид, тариаланчид уг химийн бодисыг хэрхэн ашиглахаа мэддэггүйгээс ийнхүү хэтрүүлэн хэрэглэж ногоо, жимсийг хордуулдаг байна. Пестицидийн үлдэгдэлтэй буюу хортой хүнсний ногоо, жимсийг тогтмол хэрэглэх нь хорт хавдар, чихрийн шижин өвчин үүсгэх үүсгэгч болдог байна. Мөн пестицидийн нөлөөллөөр төв мэдрэлийн тогтолцооны үйл ажиллагаа хямарч, дотоод шүүрлийн булчирхай, цус төлжүүлэх эрхтэн, зүрх судасны тогтолцоо, элэг бөөрөнд муугаар нөлөөлж, ургийн гажиг үүсэх аюултайг тогтоожээ. Манай улсын дөрвөн хүн тутмын нэг нь хорт хавдар өвчнөөр өвчлөх өндөр магадлалтай болоход ийнхүү хортой хүнсний ногоо нөлөөлж байгааг судалгааны багийнхан нотолжээ. Хэрхэн шийдвэрлэх вэ? “Үйлдвэр хөдөө аж ахуйн яам, Гаалийн ерөнхий газар, мэргэжлийн хяналтын байгууллагууд хамтран энэ асуудалд яаралтай арга хэмжээ авч, таслан зогсоохгүй бол цаашид монголчуудын удам, эрүүл мэндэд заналхийлэх болно” гэдгийг судалгааны багийн гишүүн ЭМШУИС-ийн багш Г.Эрдэнэчимэг мэдэгдсэн юм. Мөн энэ жилийн ургацаас эхлэн шууд арга хэмжээ авч, пестицид гэх хорт бодисыг хэтрүүлэн хэрэглэхгүй байх талаарх сургалт, сурталчилгааг тариаланч, ногоочдын дунд явуулах нь хамгийн зөв арга гэдгийг ч хэлж байлаа. Мөн Үйлдвэр хөдөө аж ахуйн яамнаас энэ жил тариалангийн бүс нутгуудад хүнсний ногоо, жимс тарих бүх ногоочидтой гэрээ байгуулж, элдэв хорт бодисыг хэрэглэхгүй байх талаар мэдээллийг өгөхөөр болжээ. Мөн шинэ ургацын ногоо гармагц лабораторийн шинжилгээнд хамруулж, пестицид гэх хорт бодисын үлдэц ихтэй ногоог устгалд оруулахаар болсон байна. Эцэст нь, энэ намрын тариалалтаас эхлэн хорт бодис агуулсан хүнсний ногоо, жимс тариалахгүй байхад ногоочид болоод мэргэжлийн байгууллагууд анхаарах тул энэ намраас гарах шинэ ургацын ногоог хэрэглэхийг мэргэжилтнүүд зөвлөж байна. Д.ЖАРГАЛ",эрүүл мэнд
"Монгол улсын хүн амын дундах сүрьеэгийн тархалтын түвшин тогтоох урьдчилсан судалгааг 2013 оны 10 дугаар сарын 5-наас 12-ны өдрүүдэд ХУД-ийн 8 дугаар хорооны нутаг дэвсгэрт хийжээ. Энэхүү ажлын хүрээнд тухайн хорооны судалгаанд хамруулах шалгуурыг хангасан 516 хүнийг (оролцооны түвшин 69%) сүрьеэгийн илрүүлэгт хамруулсан байна. Мөн хүн бүрийн артерийн даралт, биеийн жин болон өндрийг хэмжиж, сүрьеэгийн шинж тэмдгийн талаарх асуумж болон цээжний рентген шинжилгээг ашиглан илрүүлгийг хийжээ. Тус илрүүлгээр сүрьеэгийн сэжигтэй нийт 104 хүн илрүүлсний 101-ээс нь цэрний хоёр удаагийн сорьц авч Сүрьеэгийн Үндэсний Лавлах Лабораторид түрхцийн болон өсгөвөрлөх шинжилгээ хийсэн байна. Эдгээр 101 хүний түрхцийн шинжилгээний хариу гарсан ба уушгины халдвартай хэлбэрийн сүрьеэгээр өвчилсөн 2 тохиолдол илрүүлэн, харьяа сүрьеэгийн диспансерийн хяналтад авч, эмчилгээнд хамруулсан байна. Цэрний шинжилгээ өгсөн бусад хүмүүсийн өсгөвөрлөх шинжилгээний хариу хоёр сарын дараа гарах аж. Энэ удаагийн судалгааг Халдварт Өвчин Судлалын Үндэсний төв, Сүрьеэгийн Тандалт Судалгааны Алба, Хан-Уул дүүргийн Эрүүл мэндийн нэгдэл болон ХУД-ийн 8 дугаар хороо, “Уясах” өрхийн эрүүл мэндийн төвүүд хамтран зохион байгуулжээ. Монгол улсын ЭМЯ, Глобаль сантай хамтран “Монгол улсын хүн амын дундах сүрьеэгийн тархалтын түвшинг тогтоох судалгаа”-г 2012-2015 онд хийхээр төлөвлөн ажиллаж байгаа аж. Э.ЭНХ-ЭРДЭНЭ",эрүүл мэнд
